CUSTOMER_ID,AVG_AMOUNT,TX_FREQUENCY
1,49.27,1
2,29.65,2
3,55.6,4
4,111.99,4
5,27.46,1
6,27.46,7
7,117.14,3
8,61.19,2
9,22.75,6
10,51.11,0
11,22.86,6
12,22.81,3
13,40.19,3
14,7.17,5
15,8.33,5
16,21.12,2
17,14.73,4
18,42.58,3
19,16.02,6
20,10.7,1
21,106.97,3
22,27.64,5
23,34.95,3
24,10.59,2
25,21.42,0
26,36.19,1
27,13.19,4
28,44.73,6
29,20.48,2
30,26.22,4
31,20.46,1
32,145.74,1
33,32.76,9
34,14.21,2
35,63.95,2
36,12.47,3
37,39.14,4
38,6.91,2
39,11.44,1
40,38.76,2
41,59.79,1
42,37.98,0
43,30.19,3
44,26.03,2
45,10.15,6
46,18.62,2
47,22.91,2
48,77.15,2
49,43.59,6
50,8.08,1
51,42.92,4
52,24.34,4
53,19.27,2
54,54.02,3
55,75.55,0
56,69.76,3
57,16.92,4
58,25.86,2
59,43.16,4
60,72.27,0
61,22.57,2
62,28.54,4
63,13.67,4
64,12.72,2
65,63.44,3
66,98.0,4
67,31.26,4
68,73.91,3
69,44.23,3
70,19.76,3
71,44.22,2
72,113.34,3
73,32.18,4
74,115.78,5
75,4.07,5
76,63.91,1
77,35.5,5
78,26.07,4
79,35.64,2
80,6.75,2
81,27.78,1
82,44.07,3
83,108.02,5
84,21.88,1
85,17.34,2
86,22.17,3
87,68.88,3
88,43.08,3
89,21.68,3
90,49.93,5
91,35.79,4
92,71.87,3
93,18.88,5
94,25.48,4
95,24.2,1
96,10.27,3
97,41.97,3
98,40.81,1
99,33.25,5
100,27.45,3
101,10.67,2
102,23.65,3
103,25.17,3
104,17.43,3
105,29.11,1
106,45.75,5
107,149.75,1
108,38.08,4
109,40.69,2
110,31.2,3
111,7.13,4
112,32.42,3
113,34.75,8
114,237.6,2
115,28.39,2
116,42.15,1
117,32.21,1
118,13.0,5
119,82.62,2
120,60.43,0
121,62.35,2
122,16.0,5
123,101.72,4
124,10.79,4
125,52.96,4
126,191.02,4
127,14.99,1
128,21.05,3
129,35.86,1
130,22.14,4
131,9.58,4
132,34.98,3
133,14.16,3
134,48.37,3
135,15.87,4
136,114.43,2
137,17.7,3
138,25.59,4
139,63.49,5
140,12.37,2
141,39.72,2
142,94.23,1
143,9.15,2
144,38.39,4
145,40.77,2
146,61.9,2
147,12.31,4
148,11.51,3
149,50.28,4
150,42.0,1
151,40.46,3
152,43.69,6
153,19.22,3
154,39.88,1
155,41.87,3
156,18.7,6
157,147.32,4
158,48.38,4
159,12.77,1
160,55.99,5
161,15.18,0
162,62.16,5
163,83.67,2
164,17.17,0
165,71.57,3
166,46.07,6
167,63.92,3
168,151.02,2
169,27.21,2
170,18.12,2
171,16.25,3
172,17.24,7
173,31.13,0
174,43.51,3
175,41.32,3
176,64.18,4
177,33.46,3
178,105.94,3
179,26.8,3
180,291.82,3
181,54.63,7
182,16.68,2
183,14.06,2
184,48.71,3
185,27.69,3
186,58.63,4
187,48.36,2
188,31.24,3
189,16.82,3
190,9.86,3
191,23.17,2
192,65.7,3
193,39.3,1
194,12.22,5
195,38.04,4
196,45.07,3
197,16.33,4
198,37.45,3
199,34.69,3
200,13.27,4
201,44.09,3
202,51.86,4
203,78.76,2
204,76.94,5
205,11.0,4
206,15.64,2
207,50.0,3
208,49.95,4
209,50.0,4
210,722.12,4
211,52.29,5
212,82.14,2
213,71.04,3
214,55.76,3
215,25.73,3
216,60.77,2
217,17.85,3
218,27.4,2
219,22.46,6
220,35.36,4
221,210.97,2
222,7.43,1
223,57.34,4
224,9.11,4
225,22.7,2
226,79.14,6
227,34.86,3
228,13.98,0
229,18.69,3
230,57.04,1
231,18.46,2
232,39.38,3
233,34.35,2
234,19.66,3
235,184.04,3
236,54.99,2
237,6.55,5
238,38.44,1
239,19.5,3
240,65.49,3
241,17.57,3
242,30.21,4
243,49.6,4
244,66.19,1
245,12.68,4
246,25.34,2
247,22.65,1
248,19.64,3
249,135.96,4
250,45.79,0
251,12.08,4
252,69.01,3
253,180.86,4
254,75.64,0
255,9.82,2
256,22.48,6
257,91.24,4
258,18.8,4
259,47.23,2
260,61.54,1
261,15.78,2
262,31.58,3
263,2.48,2
264,14.59,4
265,27.06,3
266,12.2,3
267,122.23,1
268,10.55,3
269,23.29,4
270,36.77,3
271,104.9,2
272,10.5,2
273,83.98,4
274,33.39,1
275,15.1,4
276,47.93,1
277,38.83,2
278,20.49,1
279,35.02,1
280,24.33,2
281,36.26,4
282,56.24,3
283,117.78,4
284,12.3,2
285,182.44,3
286,6.95,5
287,29.33,5
288,53.02,3
289,41.46,4
290,20.12,4
291,28.04,3
292,22.32,2
293,20.67,3
294,65.35,3
295,44.06,5
296,19.02,3
297,68.01,2
298,42.34,4
299,63.45,4
300,54.8,1
301,17.06,5
302,21.15,2
303,60.21,1
304,53.96,2
305,32.57,5
306,36.37,4
307,92.03,5
308,20.63,4
309,51.3,1
310,28.17,2
311,27.82,1
312,79.76,4
313,64.09,2
314,63.49,2
315,94.1,3
316,33.68,4
317,57.14,2
318,25.84,3
319,42.92,4
320,29.84,2
321,35.79,3
322,53.31,2
323,17.21,5
324,176.6,7
325,14.81,4
326,12.54,2
327,83.64,0
328,62.39,3
329,54.56,3
330,54.74,2
331,32.79,1
332,16.15,7
333,35.19,4
334,19.26,7
335,72.25,4
336,29.44,2
337,17.11,2
338,25.61,4
339,46.08,2
340,21.09,5
341,17.15,4
342,40.24,0
343,40.28,0
344,22.07,4
345,22.72,2
346,39.87,2
347,10.4,5
348,10.74,3
349,18.64,4
350,27.92,0
351,42.47,2
352,107.8,3
353,65.77,3
354,29.14,2
355,32.62,3
356,14.85,2
357,32.63,2
358,26.29,4
359,42.87,4
360,17.09,1
361,50.17,4
362,112.86,1
363,30.36,5
364,45.67,1
365,57.52,4
366,24.02,3
367,39.62,2
368,33.45,2
369,35.81,1
370,17.84,2
371,33.77,1
372,49.32,3
373,105.73,1
374,71.34,1
375,185.41,2
376,17.92,5
377,66.54,6
378,38.35,2
379,190.92,3
380,17.35,5
381,16.92,5
382,20.5,0
383,6.05,3
384,21.75,3
385,18.04,1
386,37.35,1
387,43.53,0
388,148.55,3
389,70.83,2
390,20.87,1
391,16.14,6
392,49.08,0
393,11.52,1
394,143.33,3
395,85.08,2
396,22.75,2
397,8.41,6
398,97.82,3
399,30.22,1
400,89.14,3
401,9.25,4
402,20.5,0
403,33.25,2
404,34.38,1
405,23.1,3
406,54.5,5
407,14.1,4
408,29.55,2
409,36.46,3
410,49.98,3
411,58.52,5
412,13.47,1
413,9.71,4
414,92.03,0
415,43.2,2
416,18.2,2
417,114.54,1
418,36.33,4
419,85.07,5
420,34.95,2
421,172.19,4
422,134.86,4
423,27.14,2
424,72.04,2
425,55.5,3
426,98.98,3
427,15.3,3
428,57.33,4
429,77.23,5
430,8.11,4
431,12.85,4
432,6.48,2
433,26.69,2
434,58.79,5
435,110.15,2
436,35.14,1
437,121.86,2
438,10.98,4
439,8.48,2
440,31.68,4
441,45.03,1
442,32.26,3
443,6.33,5
444,30.84,4
445,11.66,1
446,56.58,2
447,44.4,2
448,15.61,7
449,21.95,2
450,14.19,3
451,31.5,3
452,71.1,6
453,15.05,2
454,49.56,2
455,21.67,2
456,17.56,1
457,30.4,3
458,14.47,5
459,21.27,4
460,12.7,4
461,159.46,3
462,34.06,2
463,18.92,4
464,39.3,3
465,30.27,3
466,27.75,1
467,54.13,4
468,60.7,3
469,21.66,1
470,20.89,1
471,26.57,1
472,5.25,2
473,9.85,3
474,98.84,3
475,123.47,3
476,27.13,1
477,52.52,3
478,42.48,2
479,388.82,1
480,81.1,1
481,29.89,1
482,15.42,4
483,9.16,3
484,38.97,2
485,18.08,2
486,10.61,3
487,19.74,2
488,13.94,4
489,127.7,2
490,67.04,3
491,32.9,5
492,108.2,5
493,35.23,2
494,16.63,1
495,112.0,1
496,50.96,4
497,14.44,1
498,28.44,4
499,16.44,1
500,10.95,5
501,69.47,1
502,152.56,1
503,10.82,2
504,51.95,4
505,19.68,0
506,22.43,4
507,20.62,0
508,16.59,1
509,34.43,3
510,17.03,1
511,41.11,4
512,31.81,3
513,27.35,2
514,16.02,4
515,20.88,7
516,60.6,4
517,49.44,4
518,15.15,3
519,35.85,3
520,60.41,2
521,8.71,2
522,51.15,3
523,19.49,3
524,52.27,2
525,17.98,3
526,7.82,3
527,9.01,3
528,34.41,4
529,40.76,3
530,16.06,8
531,55.2,3
532,8.77,2
533,31.41,4
534,12.57,0
535,19.66,4
536,34.4,2
537,16.64,1
538,24.35,2
539,74.07,1
540,20.87,1
541,64.62,4
542,13.41,3
543,50.59,2
544,104.93,3
545,4.58,3
546,17.5,3
547,52.54,5
548,28.15,4
549,44.56,1
550,20.43,2
551,35.49,3
552,29.24,3
553,84.29,5
554,40.59,2
555,43.38,3
556,23.82,4
557,22.42,2
558,23.43,2
559,45.4,1
560,23.65,3
561,41.76,4
562,174.22,6
563,66.48,2
564,25.51,5
565,86.57,4
566,23.89,7
567,6.49,4
568,14.78,3
569,7.41,2
570,25.0,5
571,33.61,6
572,126.61,2
573,43.01,2
574,27.79,2
575,64.3,1
576,5.65,4
577,39.98,5
578,61.36,5
579,10.15,5
580,82.68,3
581,43.41,5
582,23.75,3
583,54.94,0
584,203.68,2
585,38.3,2
586,40.39,3
587,22.93,3
588,16.78,4
589,64.35,4
590,16.7,3
591,35.07,2
592,22.6,2
593,48.58,4
594,43.25,3
595,75.95,0
596,22.02,4
597,26.68,3
598,15.13,2
599,23.21,1
600,44.78,3
601,60.68,3
602,15.84,2
603,66.4,1
604,97.96,3
605,46.1,5
606,148.63,4
607,17.83,3
608,12.23,4
609,7.98,6
610,109.6,4
611,55.9,2
612,31.68,2
613,41.43,2
614,13.46,2
615,234.3,2
616,36.72,2
617,36.14,2
618,59.18,1
619,48.66,2
620,39.61,1
621,17.6,4
622,48.29,1
623,149.25,4
624,97.16,2
625,118.46,1
626,22.0,4
627,15.0,4
628,29.95,4
629,34.63,2
630,79.47,2
631,8.55,2
632,112.58,2
633,29.18,2
634,23.54,5
635,14.74,1
636,8.81,1
637,63.98,5
638,35.12,3
639,11.8,2
640,11.75,4
641,25.31,2
642,125.87,3
643,26.91,3
644,9.95,4
645,27.21,4
646,26.62,2
647,3.83,2
648,31.71,1
649,27.53,6
650,57.8,4
651,145.35,3
652,81.55,2
653,26.71,2
654,13.66,2
655,259.48,5
656,34.72,1
657,33.49,3
658,32.48,1
659,38.8,1
660,29.5,7
661,20.93,6
662,21.38,1
663,32.26,5
664,21.44,3
665,18.72,2
666,36.06,3
667,27.0,3
668,110.3,4
669,3.97,6
670,79.3,3
671,89.74,3
672,6.3,5
673,25.17,0
674,24.6,5
675,10.74,2
676,17.77,1
677,13.62,4
678,134.53,4
679,70.0,5
680,91.58,2
681,58.99,2
682,13.42,4
683,21.77,4
684,48.98,3
685,12.46,1
686,58.58,1
687,27.32,1
688,24.54,1
689,58.48,4
690,47.25,3
691,24.81,4
692,83.72,3
693,13.95,3
694,54.2,3
695,53.22,0
696,25.85,6
697,42.99,4
698,12.17,1
699,69.35,6
700,28.56,1
701,21.8,3
702,76.65,6
703,18.85,3
704,10.73,1
705,9.53,4
706,53.77,1
707,11.89,4
708,134.81,5
709,6.26,1
710,128.66,2
711,39.21,5
712,30.65,9
713,21.41,5
714,45.57,4
715,32.13,4
716,80.05,4
717,36.28,3
718,37.35,2
719,24.76,2
720,31.64,7
721,42.36,4
722,8.43,3
723,11.26,1
724,60.02,1
725,37.97,2
726,28.58,2
727,33.61,4
728,43.73,3
729,21.5,4
730,17.77,6
731,38.73,2
732,15.14,5
733,45.91,1
734,8.48,4
735,75.44,2
736,48.33,5
737,40.64,2
738,72.69,4
739,125.51,2
740,74.55,6
741,7.59,2
742,11.9,0
743,20.09,2
744,33.81,3
745,50.11,2
746,18.53,4
747,38.45,2
748,18.1,2
749,20.3,4
750,10.75,1
751,15.82,1
752,11.23,4
753,15.17,3
754,76.93,8
755,15.49,1
756,272.03,4
757,49.14,2
758,38.39,2
759,16.67,3
760,57.99,4
761,20.89,3
762,36.51,4
763,256.74,5
764,30.67,5
765,83.05,2
766,18.87,5
767,32.2,3
768,136.54,5
769,20.05,3
770,141.17,6
771,58.33,1
772,21.12,1
773,54.92,4
774,72.1,3
775,54.46,7
776,9.43,2
777,18.51,0
778,27.17,2
779,31.2,3
780,54.41,2
781,38.17,3
782,11.38,3
783,44.89,1
784,53.97,4
785,51.82,4
786,78.62,4
787,64.53,3
788,47.82,2
789,31.31,2
790,8.77,2
791,46.7,0
792,39.1,4
793,41.15,2
794,11.92,4
795,13.95,2
796,76.9,7
797,32.08,5
798,57.12,3
799,33.87,1
800,33.91,4
801,70.15,1
802,21.91,2
803,35.76,2
804,22.88,4
805,23.39,5
806,25.86,2
807,39.56,2
808,22.58,2
809,90.43,3
810,16.19,4
811,28.52,1
812,23.29,4
813,105.38,5
814,38.75,1
815,75.6,2
816,10.09,3
817,41.0,1
818,67.47,3
819,35.37,4
820,77.66,4
821,21.89,3
822,102.26,5
823,208.33,1
824,24.77,4
825,23.19,2
826,105.92,1
827,117.17,4
828,21.8,3
829,23.66,2
830,26.43,2
831,11.3,1
832,15.88,2
833,14.83,4
834,17.92,4
835,32.21,6
836,39.94,1
837,114.48,4
838,14.9,0
839,72.78,2
840,27.91,2
841,31.83,2
842,56.82,1
843,13.49,3
844,44.97,5
845,37.83,1
846,49.11,2
847,41.73,5
848,236.1,2
849,19.88,2
850,21.65,4
851,20.12,2
852,21.23,2
853,19.89,3
854,85.73,4
855,103.17,4
856,20.98,4
857,17.02,5
858,48.29,2
859,21.29,0
860,54.95,3
861,38.95,3
862,9.85,2
863,114.21,3
864,139.31,5
865,20.28,1
866,24.28,2
867,41.62,4
868,43.27,2
869,56.08,0
870,165.37,5
871,28.74,0
872,17.49,2
873,10.99,3
874,18.45,2
875,32.25,6
876,139.16,5
877,21.89,3
878,39.61,4
879,32.68,5
880,85.69,2
881,250.02,2
882,21.66,4
883,22.39,4
884,76.35,7
885,57.14,6
886,145.09,4
887,52.83,3
888,24.84,5
889,53.12,2
890,80.4,6
891,63.84,2
892,49.69,6
893,77.74,3
894,84.39,2
895,100.06,5
896,55.64,3
897,28.97,2
898,37.24,2
899,86.94,1
900,17.23,4
901,44.48,2
902,24.18,3
903,33.89,2
904,92.09,3
905,38.59,2
906,34.37,0
907,11.16,2
908,60.16,3
909,55.5,1
910,186.91,2
911,25.89,3
912,39.46,1
913,40.43,4
914,116.98,1
915,30.68,5
916,41.4,1
917,53.86,1
918,38.45,5
919,23.17,0
920,38.68,2
921,78.17,2
922,14.57,4
923,36.83,2
924,18.91,4
925,86.15,5
926,9.79,2
927,21.18,3
928,44.78,4
929,115.86,5
930,31.42,2
931,21.24,4
932,149.15,4
933,10.4,2
934,5.7,3
935,47.09,0
936,22.16,7
937,14.63,0
938,58.36,0
939,40.25,1
940,21.09,1
941,11.89,0
942,66.55,1
943,55.71,5
944,30.59,0
945,145.08,6
946,14.07,3
947,9.77,4
948,19.04,0
949,31.93,7
950,40.23,4
951,27.3,0
952,43.89,2
953,12.17,8
954,105.11,3
955,31.01,2
956,80.95,3
957,43.56,4
958,47.72,1
959,52.24,5
960,47.38,1
961,55.38,5
962,95.9,2
963,38.75,1
964,58.39,0
965,30.82,2
966,104.8,1
967,19.28,2
968,139.88,0
969,32.07,3
970,10.54,6
971,36.69,2
972,19.2,0
973,64.88,2
974,19.65,1
975,23.17,6
976,7.3,4
977,23.06,1
978,4.76,2
979,9.33,5
980,60.85,2
981,62.09,3
982,46.54,2
983,15.28,1
984,31.88,5
985,33.02,3
986,13.11,3
987,110.25,2
988,66.81,5
989,27.75,2
990,33.84,2
991,39.12,2
992,6.47,0
993,27.17,3
994,19.19,5
995,14.86,2
996,26.45,2
997,139.51,4
998,55.29,5
999,20.97,4
1000,52.36,2
1001,101.44,2
1002,69.39,2
1003,34.73,2
1004,19.74,2
1005,57.89,3
1006,45.37,5
1007,67.77,3
1008,55.04,3
1009,76.68,5
1010,21.58,4
1011,95.0,1
1012,38.79,2
1013,174.2,1
1014,19.08,5
1015,132.79,0
1016,38.8,5
1017,19.67,4
1018,22.49,3
1019,25.63,3
1020,46.49,3
1021,50.31,1
1022,20.93,1
1023,32.48,2
1024,183.79,3
1025,131.9,3
1026,46.95,3
1027,34.14,4
1028,36.45,5
1029,54.1,2
1030,14.61,2
1031,26.95,3
1032,8.72,2
1033,45.58,4
1034,55.58,5
1035,22.5,4
1036,116.65,4
1037,12.42,5
1038,10.26,2
1039,39.63,5
1040,76.53,1
1041,127.38,2
1042,22.94,3
1043,78.49,3
1044,32.11,3
1045,28.84,2
1046,67.15,5
1047,55.8,3
1048,9.38,2
1049,107.9,3
1050,99.89,6
1051,20.08,8
1052,45.45,3
1053,49.17,0
1054,40.79,5
1055,21.32,3
1056,19.35,4
1057,32.45,3
1058,84.62,2
1059,51.16,3
1060,24.62,1
1061,61.4,3
1062,3.39,0
1063,83.01,1
1064,8.23,3
1065,24.78,1
1066,13.52,0
1067,11.75,0
1068,83.82,4
1069,22.78,3
1070,43.69,4
1071,31.9,7
1072,48.5,3
1073,35.21,1
1074,11.87,3
1075,73.48,3
1076,22.31,2
1077,9.53,7
1078,23.51,2
1079,110.01,4
1080,65.38,3
1081,25.06,2
1082,25.04,0
1083,25.6,7
1084,174.41,5
1085,44.95,5
1086,46.71,1
1087,75.51,4
1088,40.09,4
1089,26.92,2
1090,28.3,1
1091,31.27,4
1092,32.14,5
1093,59.27,5
1094,34.52,2
1095,59.51,6
1096,31.04,3
1097,35.27,4
1098,6.7,4
1099,68.93,2
1100,43.69,10
1101,73.58,4
1102,3.26,3
1103,176.04,0
1104,29.62,2
1105,80.36,2
1106,14.41,1
1107,54.07,4
1108,14.26,4
1109,20.11,2
1110,153.12,3
1111,28.43,6
1112,39.41,2
1113,66.42,2
1114,49.23,4
1115,37.35,5
1116,44.34,2
1117,226.5,2
1118,31.62,4
1119,38.9,3
1120,76.75,4
1121,80.19,3
1122,85.59,2
1123,55.2,5
1124,13.27,0
1125,122.33,4
1126,13.24,3
1127,42.19,1
1128,18.11,4
1129,31.46,4
1130,43.08,3
1131,42.82,0
1132,46.41,3
1133,120.42,5
1134,47.6,1
1135,27.24,5
1136,71.61,2
1137,85.76,2
1138,12.4,2
1139,53.41,3
1140,58.03,5
1141,26.1,5
1142,99.54,2
1143,29.37,3
1144,36.62,0
1145,28.83,4
1146,33.53,2
1147,13.78,8
1148,10.46,5
1149,118.58,4
1150,16.82,3
1151,14.98,3
1152,5.91,1
1153,19.86,1
1154,11.49,3
1155,123.18,4
1156,74.28,2
1157,19.1,2
1158,200.73,4
1159,72.63,2
1160,25.54,3
1161,4.48,2
1162,207.01,1
1163,10.9,4
1164,8.88,3
1165,75.04,2
1166,233.18,4
1167,100.23,2
1168,51.99,3
1169,53.29,0
1170,65.54,4
1171,60.77,4
1172,41.47,3
1173,35.99,0
1174,31.5,0
1175,18.12,3
1176,26.46,2
1177,8.55,3
1178,30.61,2
1179,15.02,6
1180,13.7,4
1181,38.24,3
1182,100.85,4
1183,69.04,6
1184,9.43,3
1185,15.0,0
1186,70.29,0
1187,15.09,7
1188,27.67,5
1189,51.42,2
1190,15.26,6
1191,36.03,6
1192,11.39,2
1193,20.47,4
1194,42.77,2
1195,9.26,1
1196,47.11,5
1197,32.6,7
1198,51.52,0
1199,39.61,2
1200,98.62,0
1201,36.6,4
1202,23.49,5
1203,36.52,2
1204,51.14,1
1205,34.44,3
1206,34.21,2
1207,18.89,3
1208,19.49,3
1209,10.78,5
1210,134.24,4
1211,12.24,2
1212,19.02,7
1213,18.64,3
1214,67.76,3
1215,26.15,0
1216,89.85,6
1217,19.32,3
1218,41.4,0
1219,16.97,6
1220,184.22,3
1221,12.81,6
1222,42.43,1
1223,54.98,5
1224,46.11,4
1225,28.55,4
1226,29.85,4
1227,34.3,1
1228,29.44,1
1229,71.6,9
1230,194.11,6
1231,21.2,4
1232,11.07,2
1233,30.86,3
1234,260.8,4
1235,17.41,4
1236,122.89,2
1237,126.74,1
1238,21.27,4
1239,52.21,1
1240,121.84,4
1241,24.45,5
1242,28.14,2
1243,20.79,4
1244,14.71,2
1245,19.7,3
1246,12.44,4
1247,34.03,4
1248,17.89,3
1249,39.93,5
1250,9.54,3
1251,43.15,2
1252,64.51,1
1253,6.72,4
1254,44.67,2
1255,88.42,4
1256,12.58,5
1257,126.22,0
1258,46.3,2
1259,18.84,2
1260,31.67,2
1261,51.76,1
1262,35.19,2
1263,50.96,2
1264,15.85,7
1265,37.92,2
1266,10.69,3
1267,30.3,1
1268,16.07,4
1269,18.39,2
1270,89.02,3
1271,79.28,5
1272,53.91,3
1273,13.82,3
1274,25.71,3
1275,87.4,4
1276,37.09,6
1277,211.76,5
1278,45.36,1
1279,38.61,4
1280,25.86,1
1281,36.85,3
1282,29.31,4
1283,58.35,4
1284,71.19,5
1285,17.66,3
1286,11.42,1
1287,7.62,1
1288,49.72,4
1289,13.7,5
1290,5.92,2
1291,45.19,4
1292,243.33,6
1293,32.96,3
1294,64.77,3
1295,35.36,3
1296,30.6,2
1297,69.08,4
1298,26.25,2
1299,41.01,1
1300,42.84,2
1301,19.4,2
1302,73.23,4
1303,28.79,4
1304,18.09,3
1305,50.87,4
1306,16.14,4
1307,33.87,1
1308,32.87,5
1309,78.94,4
1310,48.41,1
1311,32.46,5
1312,63.7,4
1313,100.7,1
1314,51.74,2
1315,33.39,4
1316,11.59,2
1317,14.12,6
1318,25.94,4
1319,20.34,6
1320,28.51,4
1321,34.65,4
1322,50.59,2
1323,31.3,1
1324,48.87,3
1325,34.87,2
1326,6.82,4
1327,15.62,5
1328,29.51,0
1329,12.58,5
1330,53.51,3
1331,112.69,3
1332,87.8,5
1333,27.92,0
1334,109.13,3
1335,37.3,1
1336,25.29,2
1337,20.27,3
1338,26.0,1
1339,24.28,1
1340,37.95,4
1341,37.65,5
1342,33.2,5
1343,46.97,2
1344,85.84,2
1345,70.78,3
1346,10.1,5
1347,4.29,6
1348,69.93,3
1349,11.1,1
1350,27.67,2
1351,12.99,2
1352,7.83,2
1353,51.07,2
1354,60.78,2
1355,20.88,3
1356,4.17,4
1357,21.39,3
1358,45.31,2
1359,10.14,2
1360,38.35,5
1361,32.71,3
1362,52.64,2
1363,36.44,1
1364,15.2,5
1365,86.25,2
1366,29.17,2
1367,32.4,5
1368,15.7,2
1369,23.23,3
1370,16.32,0
1371,28.84,0
1372,130.24,1
1373,11.05,4
1374,9.11,6
1375,107.44,3
1376,28.01,1
1377,19.39,0
1378,76.09,0
1379,20.4,0
1380,142.71,1
1381,56.96,3
1382,22.41,5
1383,186.02,7
1384,20.4,0
1385,59.96,4
1386,42.07,2
1387,93.82,2
1388,115.49,4
1389,33.97,0
1390,18.12,3
1391,47.85,1
1392,19.26,3
1393,165.79,6
1394,36.94,3
1395,24.72,5
1396,38.39,2
1397,11.27,1
1398,15.22,4
1399,86.52,7
1400,19.58,2
1401,14.33,4
1402,50.87,4
1403,85.5,0
1404,58.86,5
1405,73.47,7
1406,18.08,1
1407,10.62,2
1408,110.06,3
1409,25.58,1
1410,27.09,2
1411,95.83,2
1412,51.68,1
1413,47.69,7
1414,187.17,0
1415,19.79,8
1416,69.57,3
1417,34.66,3
1418,41.05,0
1419,112.48,3
1420,49.71,1
1421,50.94,3
1422,78.1,1
1423,24.73,1
1424,16.92,5
1425,14.36,4
1426,6.87,9
1427,171.57,2
1428,13.7,2
1429,27.74,2
1430,26.54,2
1431,42.35,4
1432,63.6,1
1433,65.92,2
1434,20.77,2
1435,28.97,3
1436,41.52,1
1437,27.14,1
1438,119.81,5
1439,49.05,4
1440,59.61,7
1441,56.28,1
1442,84.67,2
1443,38.28,5
1444,11.73,4
1445,45.59,5
1446,19.67,4
1447,21.7,3
1448,52.94,4
1449,89.18,6
1450,33.68,4
1451,42.4,6
1452,129.25,2
1453,40.15,4
1454,265.43,0
1455,52.06,3
1456,8.1,1
1457,60.5,4
1458,44.92,2
1459,92.93,3
1460,56.74,4
1461,29.64,5
1462,12.44,2
1463,28.02,4
1464,16.77,5
1465,20.81,4
1466,53.03,5
1467,125.95,1
1468,45.41,3
1469,12.72,5
1470,47.26,1
1471,86.25,0
1472,20.33,1
1473,29.75,2
1474,33.51,3
1475,17.67,1
1476,55.62,2
1477,30.06,2
1478,46.32,5
1479,16.28,1
1480,23.34,3
1481,59.02,2
1482,24.58,4
1483,131.84,5
1484,24.05,3
1485,39.64,3
1486,69.83,3
1487,10.65,2
1488,8.1,3
1489,9.77,6
1490,90.93,2
1491,21.3,1
1492,256.35,3
1493,21.09,1
1494,38.38,4
1495,113.71,5
1496,164.82,2
1497,172.29,3
1498,87.07,0
1499,75.13,1
1500,53.2,7
1501,61.72,6
1502,21.31,2
1503,17.21,2
1504,33.03,3
1505,28.9,4
1506,23.04,3
1507,57.81,4
1508,71.11,1
1509,35.54,4
1510,107.99,3
1511,13.29,4
1512,28.36,4
1513,18.66,4
1514,7.44,3
1515,31.0,0
1516,30.04,4
1517,111.14,3
1518,54.85,6
1519,14.59,1
1520,145.95,3
1521,87.96,3
1522,52.76,3
1523,27.63,3
1524,15.37,2
1525,24.59,3
1526,79.12,3
1527,149.56,3
1528,113.82,2
1529,22.4,2
1530,13.52,2
1531,37.07,5
1532,8.05,2
1533,42.89,6
1534,29.43,4
1535,22.81,3
1536,9.25,3
1537,49.94,0
1538,21.62,5
1539,12.99,2
1540,3.33,3
1541,32.39,3
1542,136.7,4
1543,125.09,2
1544,22.97,5
1545,20.46,1
1546,48.18,4
1547,14.9,0
1548,42.16,6
1549,61.12,2
1550,88.37,2
1551,30.57,1
1552,28.14,4
1553,16.41,1
1554,17.09,4
1555,27.63,3
1556,44.43,2
1557,68.78,3
1558,17.42,3
1559,109.31,3
1560,26.66,1
1561,32.55,2
1562,18.21,4
1563,4.76,2
1564,67.17,5
1565,59.71,4
1566,26.44,4
1567,34.94,3
1568,50.04,1
1569,9.49,0
1570,21.69,2
1571,62.52,1
1572,12.14,1
1573,41.88,4
1574,11.19,1
1575,48.09,3
1576,32.18,5
1577,9.1,4
1578,84.08,5
1579,18.4,4
1580,17.32,4
1581,38.88,2
1582,83.01,0
1583,14.69,2
1584,34.79,5
1585,46.67,6
1586,57.66,1
1587,38.14,0
1588,24.69,4
1589,17.08,4
1590,35.48,5
1591,14.05,3
1592,3.2,1
1593,46.96,5
1594,68.25,2
1595,5.0,4
1596,14.76,1
1597,54.34,4
1598,171.74,6
1599,33.67,1
1600,18.5,3
1601,28.61,2
1602,99.47,2
1603,19.75,4
1604,17.47,5
1605,22.51,1
1606,15.45,2
1607,36.53,4
1608,121.48,4
1609,42.88,4
1610,27.06,6
1611,26.22,3
1612,9.48,4
1613,67.12,4
1614,31.12,1
1615,28.66,2
1616,426.02,1
1617,42.06,2
1618,18.15,1
1619,23.55,8
1620,82.99,2
1621,36.26,2
1622,10.48,6
1623,69.09,2
1624,19.4,2
1625,148.21,0
1626,78.57,1
1627,23.15,1
1628,92.28,4
1629,34.96,2
1630,65.51,5
1631,48.8,3
1632,16.83,3
1633,19.79,5
1634,75.49,3
1635,25.33,3
1636,23.98,5
1637,15.42,4
1638,46.47,1
1639,172.43,4
1640,14.1,3
1641,33.76,1
1642,102.49,3
1643,31.07,2
1644,47.56,3
1645,14.16,1
1646,46.65,1
1647,28.51,2
1648,72.86,4
1649,85.62,2
1650,262.87,2
1651,52.65,4
1652,42.98,2
1653,38.69,3
1654,24.96,4
1655,43.41,5
1656,26.15,3
1657,37.89,2
1658,95.02,5
1659,14.8,4
1660,82.43,1
1661,94.98,5
1662,30.13,2
1663,6.06,3
1664,20.36,2
1665,93.47,10
1666,32.52,4
1667,14.89,3
1668,22.11,4
1669,64.88,5
1670,51.28,3
1671,27.35,1
1672,24.69,2
1673,24.21,3
1674,15.83,2
1675,120.58,4
1676,25.59,5
1677,87.68,0
1678,111.84,2
1679,73.6,3
1680,23.45,4
1681,45.74,2
1682,32.48,0
1683,16.07,2
1684,42.93,1
1685,12.89,4
1686,85.64,1
1687,22.84,2
1688,38.9,1
1689,41.54,4
1690,26.92,1
1691,52.95,2
1692,22.65,4
1693,66.49,3
1694,11.28,9
1695,36.64,1
1696,156.2,0
1697,14.88,1
1698,19.26,2
1699,49.96,1
1700,38.23,0
1701,43.84,5
1702,48.98,5
1703,55.02,7
1704,80.46,2
1705,45.96,4
1706,27.3,6
1707,56.72,3
1708,151.4,7
1709,29.78,3
1710,15.19,4
1711,80.29,2
1712,30.08,3
1713,5.82,2
1714,65.23,2
1715,21.58,5
1716,30.8,2
1717,43.19,3
1718,38.57,4
1719,58.41,1
1720,23.37,1
1721,49.92,3
1722,26.91,3
1723,59.8,3
1724,54.18,3
1725,15.67,1
1726,78.95,3
1727,21.57,3
1728,63.21,0
1729,44.43,2
1730,144.11,1
1731,27.69,3
1732,25.04,2
1733,32.6,1
1734,25.98,3
1735,62.8,3
1736,9.09,4
1737,14.25,1
1738,14.09,1
1739,70.83,7
1740,130.12,1
1741,30.46,5
1742,28.93,0
1743,35.02,7
1744,83.89,3
1745,15.77,1
1746,40.07,4
1747,72.25,5
1748,49.45,2
1749,38.54,1
1750,73.76,2
1751,3.81,6
1752,56.96,1
1753,19.62,4
1754,7.66,4
1755,49.85,2
1756,99.38,1
1757,29.67,0
1758,70.97,2
1759,120.28,4
1760,94.82,4
1761,122.97,3
1762,59.96,5
1763,35.18,5
1764,9.19,2
1765,27.2,2
1766,16.87,4
1767,188.06,1
1768,28.77,4
1769,36.55,5
1770,51.48,3
1771,34.29,3
1772,128.51,4
1773,20.12,1
1774,38.69,3
1775,18.28,4
1776,11.52,3
1777,20.3,1
1778,32.15,4
1779,23.49,2
1780,19.03,4
1781,10.75,1
1782,30.99,4
1783,9.94,2
1784,60.83,4
1785,35.37,2
1786,10.32,7
1787,25.86,3
1788,18.14,2
1789,42.75,2
1790,96.77,3
1791,7.39,2
1792,36.31,0
1793,29.13,0
1794,56.66,4
1795,39.27,3
1796,18.15,2
1797,25.66,0
1798,17.52,3
1799,78.32,9
1800,33.68,3
1801,151.56,5
1802,31.55,7
1803,18.79,4
1804,9.87,4
1805,7.83,1
1806,9.32,2
1807,41.01,3
1808,49.75,4
1809,9.35,2
1810,67.76,2
1811,22.5,0
1812,37.24,2
1813,120.27,2
1814,67.86,2
1815,26.71,4
1816,16.23,2
1817,5.92,4
1818,18.63,3
1819,27.97,1
1820,15.03,3
1821,29.81,6
1822,35.22,4
1823,27.66,2
1824,19.69,6
1825,37.9,3
1826,47.16,2
1827,13.84,5
1828,102.39,4
1829,30.6,2
1830,33.62,4
1831,58.36,2
1832,39.91,1
1833,70.99,3
1834,41.67,2
1835,20.29,3
1836,44.22,5
1837,13.26,3
1838,36.12,2
1839,32.25,0
1840,28.04,2
1841,29.88,2
1842,7.35,5
1843,21.35,1
1844,35.67,1
1845,37.63,2
1846,14.55,2
1847,91.16,3
1848,16.56,1
1849,71.92,2
1850,46.61,1
1851,19.75,0
1852,137.04,4
1853,12.74,2
1854,69.08,3
1855,73.73,4
1856,19.37,4
1857,100.88,6
1858,27.11,3
1859,41.72,4
1860,40.78,1
1861,29.74,4
1862,63.35,5
1863,62.48,0
1864,8.18,1
1865,94.02,5
1866,8.76,5
1867,75.64,5
1868,81.56,3
1869,13.84,3
1870,23.84,5
1871,13.67,4
1872,27.88,2
1873,25.88,1
1874,61.79,3
1875,94.47,3
1876,101.14,5
1877,21.12,5
1878,28.01,4
1879,8.61,2
1880,17.38,1
1881,71.66,4
1882,120.6,2
1883,12.34,2
1884,20.62,3
1885,32.42,1
1886,41.44,3
1887,17.33,3
1888,46.49,10
1889,22.67,2
1890,32.73,2
1891,51.27,3
1892,33.29,9
1893,23.36,3
1894,30.34,2
1895,30.86,2
1896,24.63,2
1897,26.92,2
1898,118.98,2
1899,51.87,4
1900,26.14,1
1901,57.83,0
1902,25.35,2
1903,84.65,7
1904,44.51,2
1905,30.39,2
1906,47.38,3
1907,9.42,3
1908,13.44,2
1909,12.74,4
1910,37.13,5
1911,132.42,4
1912,197.36,2
1913,55.17,5
1914,49.44,2
1915,7.84,2
1916,21.45,4
1917,17.63,4
1918,20.15,2
1919,28.95,6
1920,22.7,3
1921,6.8,7
1922,60.24,1
1923,14.04,1
1924,40.1,2
1925,174.04,0
1926,15.87,4
1927,4.37,5
1928,26.34,2
1929,79.9,1
1930,158.65,2
1931,12.38,9
1932,49.27,3
1933,22.82,2
1934,30.42,6
1935,274.64,5
1936,9.95,1
1937,40.57,1
1938,48.14,4
1939,78.94,0
1940,35.82,1
1941,42.37,1
1942,24.21,2
1943,41.07,6
1944,25.16,2
1945,54.45,8
1946,24.64,2
1947,44.78,1
1948,32.35,3
1949,81.52,2
1950,31.78,2
1951,8.02,1
1952,90.88,4
1953,16.05,3
1954,19.63,1
1955,20.56,2
1956,99.44,2
1957,6.0,2
1958,407.56,4
1959,77.08,8
1960,39.59,5
1961,31.69,2
1962,41.61,4
1963,50.24,2
1964,55.49,3
1965,51.65,3
1966,35.58,6
1967,28.28,7
1968,29.34,3
1969,28.33,3
1970,82.02,2
1971,53.24,2
1972,3.15,1
1973,55.96,4
1974,38.7,3
1975,32.62,1
1976,24.27,4
1977,81.39,1
1978,70.67,5
1979,17.84,4
1980,45.86,3
1981,15.22,5
1982,10.98,0
1983,20.06,1
1984,66.02,1
1985,70.99,4
1986,49.92,2
1987,59.15,6
1988,50.05,1
1989,19.82,4
1990,46.78,4
1991,62.82,1
1992,60.55,2
1993,85.72,3
1994,58.36,8
1995,43.87,0
1996,77.95,1
1997,32.42,3
1998,16.35,1
1999,29.07,4
2000,18.25,4
2001,19.3,0
2002,29.5,1
2003,17.57,6
2004,25.88,5
2005,7.28,2
2006,39.28,3
2007,33.15,7
2008,17.22,1
2009,56.11,4
2010,70.11,3
2011,9.15,2
2012,17.99,2
2013,17.9,3
2014,15.61,6
2015,64.3,4
2016,28.36,1
2017,26.8,3
2018,6.67,3
2019,55.06,1
2020,12.29,2
2021,34.74,1
2022,41.34,2
2023,98.35,4
2024,11.62,0
2025,2.96,2
2026,38.36,0
2027,139.83,5
2028,89.22,1
2029,39.16,1
2030,22.35,1
2031,63.16,5
2032,15.2,2
2033,48.48,2
2034,49.62,2
2035,77.34,1
2036,301.19,2
2037,45.33,1
2038,22.04,8
2039,32.44,10
2040,8.04,3
2041,19.0,3
2042,23.87,5
2043,21.77,0
2044,37.41,2
2045,17.15,3
2046,81.19,1
2047,33.12,0
2048,32.87,1
2049,25.47,2
2050,37.49,0
2051,64.08,6
2052,16.55,5
2053,19.56,3
2054,25.97,3
2055,11.28,1
2056,17.19,2
2057,22.62,6
2058,66.65,2
2059,40.86,5
2060,38.66,5
2061,65.41,2
2062,29.67,5
2063,45.26,5
2064,30.49,4
2065,40.95,4
2066,20.78,1
2067,4.71,0
2068,29.74,1
2069,103.36,1
2070,69.48,4
2071,71.69,1
2072,89.02,4
2073,35.55,3
2074,38.78,1
2075,20.2,7
2076,25.72,2
2077,54.2,7
2078,86.76,3
2079,29.62,4
2080,23.1,3
2081,33.13,3
2082,53.57,2
2083,10.43,3
2084,5.28,3
2085,21.32,4
2086,12.47,2
2087,22.05,1
2088,29.42,3
2089,23.04,5
2090,105.84,5
2091,43.01,1
2092,42.11,1
2093,54.48,5
2094,13.32,2
2095,76.04,9
2096,31.17,1
2097,56.62,5
2098,14.05,7
2099,9.55,4
2100,63.71,4
2101,44.75,2
2102,16.09,5
2103,16.52,4
2104,81.48,7
2105,12.79,3
2106,123.24,5
2107,16.11,5
2108,55.19,2
2109,25.46,4
2110,53.65,2
2111,21.43,4
2112,29.07,0
2113,34.22,3
2114,14.85,5
2115,59.9,3
2116,21.96,2
2117,27.58,2
2118,14.95,5
2119,4.26,1
2120,28.42,1
2121,228.17,3
2122,62.03,4
2123,32.61,1
2124,26.83,7
2125,33.72,1
2126,51.3,2
2127,12.88,2
2128,80.76,5
2129,58.69,3
2130,58.82,2
2131,47.03,4
2132,33.64,2
2133,56.73,2
2134,53.17,5
2135,24.95,2
2136,20.93,4
2137,35.93,0
2138,114.34,8
2139,12.29,1
2140,10.24,5
2141,37.78,2
2142,34.49,5
2143,38.04,1
2144,40.25,4
2145,27.7,3
2146,109.06,3
2147,9.2,2
2148,17.07,2
2149,30.49,2
2150,8.89,5
2151,28.77,4
2152,125.11,2
2153,33.67,4
2154,39.83,6
2155,12.08,6
2156,20.22,2
2157,24.53,1
2158,25.68,2
2159,92.33,2
2160,51.74,4
2161,13.61,2
2162,40.33,3
2163,49.33,3
2164,82.44,4
2165,117.26,2
2166,14.7,2
2167,17.31,2
2168,12.11,1
2169,27.46,4
2170,48.09,1
2171,72.96,4
2172,31.16,7
2173,25.64,4
2174,37.39,2
2175,16.98,2
2176,176.2,6
2177,9.15,1
2178,38.39,2
2179,167.15,3
2180,33.3,2
2181,28.44,6
2182,24.88,3
2183,28.67,3
2184,99.31,4
2185,5.64,0
2186,112.93,3
2187,10.6,4
2188,26.75,8
2189,23.49,3
2190,53.03,1
2191,9.22,4
2192,47.93,1
2193,167.24,3
2194,11.13,1
2195,38.54,6
2196,19.5,3
2197,46.56,3
2198,33.63,5
2199,19.82,6
2200,48.93,1
2201,140.26,3
2202,28.43,2
2203,58.9,3
2204,11.77,3
2205,15.41,3
2206,48.32,1
2207,108.56,1
2208,44.01,1
2209,25.78,4
2210,33.1,1
2211,12.18,2
2212,53.71,1
2213,67.08,3
2214,23.07,1
2215,22.74,2
2216,40.96,2
2217,23.35,4
2218,31.41,3
2219,177.64,1
2220,27.18,4
2221,24.86,2
2222,19.73,3
2223,60.06,4
2224,28.65,2
2225,19.7,3
2226,95.3,4
2227,103.1,2
2228,20.48,2
2229,7.44,3
2230,74.14,8
2231,19.15,5
2232,62.33,2
2233,6.85,3
2234,67.63,2
2235,12.57,0
2236,59.42,3
2237,33.5,2
2238,15.44,4
2239,23.91,1
2240,57.34,3
2241,36.04,3
2242,52.85,2
2243,160.96,2
2244,9.47,4
2245,120.76,3
2246,36.0,4
2247,16.13,2
2248,11.42,2
2249,28.47,2
2250,69.22,6
2251,29.9,0
2252,110.93,2
2253,10.37,4
2254,32.8,1
2255,12.16,3
2256,44.3,4
2257,67.32,2
2258,23.65,2
2259,4.12,3
2260,38.83,5
2261,46.96,4
2262,45.76,2
2263,89.0,1
2264,14.06,4
2265,57.06,7
2266,85.97,8
2267,7.98,4
2268,42.77,4
2269,22.12,2
2270,31.02,3
2271,43.73,3
2272,22.43,2
2273,19.29,5
2274,34.03,4
2275,13.88,2
2276,13.89,5
2277,57.03,2
2278,13.21,3
2279,56.43,4
2280,47.95,1
2281,8.33,6
2282,19.26,3
2283,86.08,1
2284,15.11,1
2285,22.84,2
2286,47.93,2
2287,61.97,2
2288,27.08,6
2289,20.53,0
2290,103.33,4
2291,133.1,4
2292,72.46,5
2293,35.45,4
2294,17.35,3
2295,17.04,3
2296,50.3,4
2297,46.28,3
2298,101.62,5
2299,55.72,2
2300,9.95,5
2301,76.83,1
2302,14.9,1
2303,24.36,3
2304,40.45,3
2305,163.45,3
2306,398.59,3
2307,53.81,1
2308,28.6,4
2309,50.79,7
2310,67.36,2
2311,25.62,1
2312,139.24,4
2313,39.81,5
2314,49.31,1
2315,56.42,3
2316,46.4,4
2317,64.79,1
2318,20.21,7
2319,21.19,2
2320,13.73,4
2321,47.07,1
2322,61.75,2
2323,47.76,4
2324,126.42,4
2325,32.97,3
2326,56.54,5
2327,13.83,1
2328,24.3,5
2329,57.77,3
2330,65.32,1
2331,26.18,8
2332,31.27,2
2333,9.83,1
2334,24.89,4
2335,67.51,2
2336,52.47,5
2337,49.43,2
2338,34.46,2
2339,33.3,0
2340,19.53,4
2341,57.92,1
2342,46.38,3
2343,49.09,4
2344,21.74,6
2345,5.91,4
2346,79.66,6
2347,22.58,4
2348,16.61,5
2349,57.67,2
2350,24.2,4
2351,77.32,4
2352,54.25,1
2353,57.22,2
2354,11.1,4
2355,87.32,2
2356,40.81,5
2357,24.65,1
2358,37.14,6
2359,8.0,4
2360,45.92,0
2361,14.53,5
2362,11.22,4
2363,9.8,5
2364,80.65,1
2365,20.02,1
2366,112.95,2
2367,21.57,0
2368,8.45,2
2369,13.56,3
2370,89.0,1
2371,29.23,4
2372,21.36,3
2373,37.64,3
2374,49.47,5
2375,80.96,3
2376,105.51,6
2377,24.83,1
2378,11.46,0
2379,23.79,3
2380,40.78,4
2381,15.32,0
2382,15.4,1
2383,43.6,1
2384,31.85,1
2385,34.0,4
2386,18.05,1
2387,27.54,5
2388,15.81,3
2389,67.5,3
2390,75.81,4
2391,7.56,2
2392,15.74,3
2393,10.0,2
2394,19.69,3
2395,30.98,3
2396,10.38,1
2397,15.84,6
2398,14.83,1
2399,39.09,3
2400,35.0,2
2401,18.59,1
2402,38.15,3
2403,21.38,8
2404,26.65,1
2405,126.31,3
2406,96.77,3
2407,11.71,4
2408,64.31,0
2409,63.38,1
2410,13.22,4
2411,63.75,5
2412,113.33,4
2413,13.49,0
2414,15.89,1
2415,74.75,0
2416,41.15,2
2417,51.48,3
2418,43.49,2
2419,45.27,4
2420,11.46,2
2421,76.54,1
2422,84.41,2
2423,27.56,1
2424,31.98,2
2425,9.73,4
2426,49.97,4
2427,52.33,5
2428,31.51,3
2429,81.41,1
2430,25.35,2
2431,52.02,1
2432,14.65,2
2433,32.5,4
2434,28.8,2
2435,39.66,4
2436,24.64,2
2437,29.81,4
2438,64.13,4
2439,23.35,3
2440,9.16,2
2441,134.25,6
2442,100.0,5
2443,11.78,4
2444,57.5,5
2445,22.15,4
2446,40.89,0
2447,41.9,1
2448,27.45,3
2449,17.69,2
2450,19.06,3
2451,15.91,7
2452,17.02,5
2453,31.38,4
2454,18.68,5
2455,57.15,2
2456,108.83,4
2457,20.82,8
2458,40.11,2
2459,49.39,1
2460,48.31,1
2461,35.19,1
2462,59.99,1
2463,48.71,1
2464,12.3,5
2465,66.38,1
2466,67.35,2
2467,17.98,3
2468,34.14,6
2469,57.21,5
2470,28.01,3
2471,78.13,1
2472,219.44,4
2473,17.66,2
2474,10.97,6
2475,42.23,3
2476,58.98,4
2477,27.53,5
2478,105.91,2
2479,11.35,3
2480,57.65,4
2481,20.4,7
2482,131.04,3
2483,163.04,2
2484,17.93,5
2485,21.34,3
2486,65.87,6
2487,24.3,4
2488,31.93,1
2489,33.79,5
2490,7.13,0
2491,32.75,5
2492,19.07,7
2493,22.32,5
2494,105.1,3
2495,12.12,5
2496,63.47,2
2497,26.49,3
2498,26.47,2
2499,62.32,4
2500,43.47,5
2501,52.27,2
2502,71.85,3
2503,25.41,2
2504,20.29,1
2505,13.9,3
2506,17.11,5
2507,350.47,5
2508,89.63,5
2509,11.24,3
2510,11.5,4
2511,48.69,2
2512,51.31,0
2513,51.37,3
2514,27.01,2
2515,29.95,5
2516,43.05,3
2517,35.47,2
2518,5.61,2
2519,27.55,1
2520,16.76,3
2521,38.1,7
2522,360.76,0
2523,44.43,6
2524,25.77,4
2525,69.23,0
2526,48.72,5
2527,46.34,0
2528,53.81,2
2529,171.61,1
2530,13.4,3
2531,48.37,4
2532,15.78,2
2533,51.65,3
2534,15.88,1
2535,23.71,3
2536,26.15,1
2537,72.29,3
2538,69.05,4
2539,12.22,0
2540,34.6,2
2541,18.77,2
2542,12.1,2
2543,27.84,2
2544,25.87,7
2545,230.76,3
2546,46.82,6
2547,11.0,3
2548,21.08,4
2549,74.97,3
2550,176.05,3
2551,9.31,5
2552,7.36,1
2553,147.93,4
2554,45.23,3
2555,16.53,0
2556,50.79,3
2557,4.02,3
2558,33.2,3
2559,43.05,1
2560,69.37,2
2561,14.72,3
2562,35.47,2
2563,15.79,3
2564,40.62,1
2565,16.18,6
2566,23.89,0
2567,14.93,2
2568,55.75,1
2569,65.81,1
2570,27.45,4
2571,34.14,2
2572,10.39,2
2573,26.06,2
2574,31.81,6
2575,269.52,1
2576,13.6,6
2577,106.84,3
2578,73.51,2
2579,41.45,5
2580,135.22,6
2581,44.6,1
2582,45.21,2
2583,31.74,7
2584,88.13,8
2585,79.61,3
2586,20.07,4
2587,11.53,5
2588,28.15,2
2589,17.46,0
2590,31.47,4
2591,89.12,1
2592,22.97,4
2593,32.0,5
2594,34.69,3
2595,65.28,2
2596,5.49,2
2597,20.38,1
2598,39.21,6
2599,86.49,4
2600,22.34,2
2601,7.38,3
2602,54.37,4
2603,19.92,5
2604,12.78,1
2605,20.1,0
2606,28.57,5
2607,20.41,1
2608,5.67,4
2609,67.87,4
2610,91.83,5
2611,55.77,2
2612,13.33,3
2613,28.19,3
2614,32.94,4
2615,53.47,4
2616,56.52,2
2617,18.41,1
2618,35.36,3
2619,47.74,6
2620,106.13,4
2621,58.18,2
2622,62.26,5
2623,35.41,0
2624,102.35,3
2625,45.96,5
2626,16.63,6
2627,101.77,2
2628,57.88,4
2629,23.23,5
2630,22.57,1
2631,41.98,4
2632,47.97,4
2633,38.78,7
2634,42.48,3
2635,129.02,4
2636,78.04,3
2637,38.57,3
2638,70.32,1
2639,14.5,0
2640,45.53,10
2641,140.81,5
2642,27.81,1
2643,16.81,3
2644,19.65,1
2645,13.85,1
2646,17.68,1
2647,24.62,2
2648,10.76,0
2649,33.53,3
2650,68.16,2
2651,16.02,9
2652,111.66,2
2653,49.83,5
2654,75.53,3
2655,19.56,2
2656,65.6,3
2657,13.82,3
2658,67.5,3
2659,38.0,2
2660,51.55,5
2661,12.93,3
2662,16.18,2
2663,53.4,3
2664,15.51,4
2665,47.97,4
2666,11.09,2
2667,65.27,4
2668,12.35,5
2669,51.51,3
2670,54.63,2
2671,18.96,2
2672,52.75,2
2673,40.79,2
2674,21.52,4
2675,14.78,2
2676,6.89,3
2677,43.8,2
2678,9.47,4
2679,35.74,6
2680,26.82,5
2681,57.01,4
2682,26.01,3
2683,25.44,5
2684,59.47,0
2685,43.3,4
2686,42.65,2
2687,48.2,3
2688,9.69,4
2689,60.67,6
2690,54.05,4
2691,14.68,2
2692,27.24,3
2693,32.09,1
2694,29.74,5
2695,43.25,4
2696,104.07,2
2697,78.68,4
2698,11.59,2
2699,54.47,3
2700,95.88,2
2701,45.13,0
2702,79.26,1
2703,165.64,3
2704,75.11,3
2705,40.42,7
2706,76.41,3
2707,37.19,2
2708,33.75,3
2709,25.0,5
2710,115.67,4
2711,17.21,4
2712,112.83,0
2713,49.4,4
2714,10.81,9
2715,44.44,1
2716,6.17,2
2717,54.62,2
2718,67.23,3
2719,20.62,4
2720,36.56,6
2721,158.12,8
2722,22.1,2
2723,14.19,6
2724,108.35,4
2725,159.19,8
2726,33.21,0
2727,74.38,1
2728,96.85,6
2729,18.28,2
2730,22.46,3
2731,88.65,1
2732,127.49,3
2733,51.95,1
2734,16.38,2
2735,162.33,4
2736,21.65,6
2737,25.33,2
2738,43.55,2
2739,114.82,2
2740,65.57,4
2741,46.15,3
2742,47.97,6
2743,34.29,3
2744,51.75,2
2745,4.38,2
2746,26.12,5
2747,40.17,3
2748,13.19,7
2749,45.11,2
2750,28.12,4
2751,134.88,2
2752,116.56,2
2753,22.81,2
2754,29.35,4
2755,31.21,3
2756,23.07,6
2757,38.71,4
2758,18.05,2
2759,13.4,2
2760,54.5,4
2761,54.8,5
2762,17.4,1
2763,67.78,1
2764,19.98,4
2765,40.55,3
2766,63.83,3
2767,32.24,2
2768,47.65,4
2769,21.91,4
2770,28.3,4
2771,28.09,2
2772,18.22,5
2773,28.75,6
2774,9.59,1
2775,22.36,4
2776,26.37,4
2777,26.98,4
2778,27.3,6
2779,31.52,3
2780,48.6,3
2781,66.66,5
2782,19.69,2
2783,12.65,1
2784,14.39,2
2785,22.43,4
2786,24.99,3
2787,17.89,1
2788,11.74,5
2789,22.99,1
2790,38.29,5
2791,53.3,2
2792,21.2,1
2793,23.8,4
2794,15.78,2
2795,32.29,3
2796,16.8,2
2797,52.38,1
2798,7.94,3
2799,24.84,4
2800,42.14,2
2801,38.36,3
2802,285.55,4
2803,43.81,6
2804,14.83,2
2805,30.68,5
2806,8.0,2
2807,31.05,4
2808,17.01,2
2809,68.88,1
2810,21.34,7
2811,30.16,3
2812,19.92,6
2813,133.1,6
2814,25.61,7
2815,143.46,3
2816,63.52,4
2817,48.7,4
2818,44.48,1
2819,45.38,9
2820,7.08,2
2821,26.49,1
2822,65.11,3
2823,31.85,3
2824,10.76,3
2825,31.76,2
2826,129.45,3
2827,89.79,4
2828,31.51,1
2829,70.89,1
2830,24.7,3
2831,8.47,4
2832,15.81,3
2833,115.62,0
2834,26.6,6
2835,27.26,6
2836,26.05,1
2837,151.91,3
2838,121.6,2
2839,195.4,3
2840,29.16,3
2841,41.95,4
2842,9.84,3
2843,107.94,4
2844,13.01,4
2845,39.39,3
2846,13.77,2
2847,20.67,4
2848,16.95,3
2849,20.36,4
2850,21.51,2
2851,21.36,3
2852,64.5,3
2853,13.68,4
2854,39.51,2
2855,87.74,4
2856,21.96,2
2857,18.65,3
2858,27.54,4
2859,85.1,4
2860,38.68,4
2861,21.65,2
2862,48.77,0
2863,13.71,3
2864,57.12,2
2865,45.92,3
2866,25.89,1
2867,16.93,3
2868,16.29,3
2869,50.8,2
2870,88.52,0
2871,19.89,5
2872,47.78,4
2873,6.24,2
2874,20.75,2
2875,32.3,2
2876,15.99,2
2877,15.66,5
2878,19.41,6
2879,41.84,3
2880,28.51,3
2881,5.53,1
2882,6.07,2
2883,20.38,4
2884,47.76,3
2885,3.68,2
2886,22.2,3
2887,21.74,0
2888,100.55,2
2889,24.34,1
2890,44.99,3
2891,37.08,4
2892,6.02,5
2893,61.23,1
2894,39.34,6
2895,49.73,1
2896,765.85,1
2897,6.25,1
2898,131.6,2
2899,26.31,5
2900,41.67,3
2901,31.93,3
2902,23.59,5
2903,20.99,4
2904,43.1,2
2905,9.84,1
2906,60.37,2
2907,23.74,4
2908,13.41,2
2909,23.1,3
2910,90.53,4
2911,21.58,5
2912,44.11,0
2913,18.45,5
2914,60.72,7
2915,57.31,3
2916,145.31,3
2917,28.78,2
2918,56.54,5
2919,35.82,2
2920,93.38,5
2921,18.63,2
2922,60.1,1
2923,28.34,3
2924,31.46,3
2925,35.64,2
2926,40.52,5
2927,30.18,2
2928,39.32,8
2929,117.04,4
2930,72.85,6
2931,66.38,4
2932,23.0,1
2933,16.26,6
2934,71.11,5
2935,66.74,8
2936,107.57,2
2937,20.43,2
2938,27.56,5
2939,8.92,4
2940,24.19,4
2941,73.5,5
2942,22.8,3
2943,55.28,3
2944,28.43,6
2945,42.92,2
2946,13.22,3
2947,35.45,3
2948,3.03,2
2949,28.52,1
2950,8.99,1
2951,86.9,2
2952,61.68,2
2953,48.1,1
2954,111.81,0
2955,15.5,2
2956,134.01,8
2957,69.81,4
2958,27.41,3
2959,82.15,4
2960,13.67,4
2961,17.12,1
2962,20.35,6
2963,21.69,2
2964,14.22,1
2965,88.1,7
2966,26.92,3
2967,43.9,3
2968,20.98,5
2969,7.72,2
2970,41.1,2
2971,7.17,1
2972,31.35,3
2973,11.08,2
2974,162.36,8
2975,68.65,0
2976,36.04,5
2977,91.01,1
2978,16.83,4
2979,51.15,2
2980,38.86,4
2981,40.9,4
2982,91.64,3
2983,59.5,2
2984,41.72,1
2985,8.81,2
2986,15.36,1
2987,30.02,2
2988,35.68,1
2989,13.41,1
2990,228.0,3
2991,111.4,1
2992,53.61,3
2993,35.08,2
2994,27.94,3
2995,15.46,2
2996,35.23,4
2997,40.7,1
2998,12.26,3
2999,43.26,3
3000,29.25,4
3001,7.2,4
3002,16.64,4
3003,23.79,3
3004,149.93,4
3005,51.69,5
3006,11.38,3
3007,48.85,3
3008,9.6,2
3009,78.74,3
3010,22.72,4
3011,30.73,2
3012,95.64,7
3013,11.83,4
3014,10.83,2
3015,20.76,2
3016,76.0,1
3017,9.82,2
3018,3.44,3
3019,23.08,6
3020,51.49,5
3021,86.51,3
3022,22.86,2
3023,23.83,4
3024,83.36,2
3025,7.42,3
3026,24.27,4
3027,38.56,1
3028,47.44,9
3029,22.02,4
3030,34.04,3
3031,4.52,3
3032,19.56,2
3033,47.6,2
3034,15.09,4
3035,34.72,2
3036,47.35,2
3037,25.18,2
3038,37.95,3
3039,15.33,2
3040,28.07,3
3041,53.96,3
3042,37.55,3
3043,20.71,3
3044,39.62,4
3045,58.66,6
3046,6.42,2
3047,83.7,3
3048,25.3,5
3049,46.54,1
3050,86.3,4
3051,11.05,3
3052,18.77,6
3053,26.29,3
3054,17.69,1
3055,132.68,4
3056,16.69,3
3057,21.23,2
3058,39.0,4
3059,12.66,6
3060,24.13,3
3061,42.69,6
3062,25.37,5
3063,30.73,2
3064,21.68,4
3065,9.86,1
3066,42.83,4
3067,134.82,1
3068,33.61,2
3069,39.65,5
3070,57.64,1
3071,12.0,4
3072,129.28,1
3073,38.93,3
3074,122.18,2
3075,18.42,4
3076,141.8,3
3077,61.57,5
3078,51.54,6
3079,39.93,4
3080,27.14,5
3081,86.52,7
3082,37.05,2
3083,6.86,4
3084,13.55,6
3085,28.54,3
3086,42.44,7
3087,31.65,6
3088,87.81,3
3089,6.95,1
3090,37.15,2
3091,7.73,4
3092,60.81,4
3093,30.71,5
3094,46.33,4
3095,16.59,4
3096,92.16,2
3097,76.2,6
3098,52.82,1
3099,29.86,1
3100,52.66,7
3101,18.81,3
3102,65.66,3
3103,123.91,1
3104,77.98,2
3105,18.47,1
3106,44.22,1
3107,11.77,2
3108,52.35,3
3109,47.49,2
3110,7.42,7
3111,13.07,4
3112,26.4,4
3113,26.03,3
3114,12.58,4
3115,45.2,4
3116,40.5,7
3117,28.35,4
3118,18.09,4
3119,76.63,1
3120,124.5,1
3121,22.49,1
3122,20.29,5
3123,49.06,6
3124,24.87,3
3125,29.62,6
3126,59.84,7
3127,7.19,2
3128,95.07,3
3129,35.1,3
3130,23.83,2
3131,30.83,2
3132,32.13,1
3133,8.29,2
3134,109.5,4
3135,34.23,1
3136,47.2,5
3137,70.9,3
3138,14.63,3
3139,48.37,3
3140,26.73,4
3141,65.2,0
3142,6.04,4
3143,30.59,6
3144,20.45,4
3145,46.8,1
3146,48.23,3
3147,18.8,0
3148,18.73,5
3149,30.31,3
3150,16.16,2
3151,64.95,4
3152,24.65,4
3153,3.24,6
3154,24.54,3
3155,14.43,2
3156,8.98,0
3157,12.31,3
3158,36.14,3
3159,95.86,4
3160,42.54,3
3161,20.38,4
3162,47.69,1
3163,22.94,0
3164,19.0,3
3165,13.15,2
3166,8.15,3
3167,24.24,2
3168,37.58,3
3169,30.65,3
3170,23.74,0
3171,15.54,1
3172,53.87,2
3173,11.55,4
3174,61.61,3
3175,14.85,0
3176,18.14,5
3177,10.24,3
3178,22.17,2
3179,72.26,2
3180,50.02,2
3181,72.44,1
3182,50.29,0
3183,13.7,5
3184,25.42,5
3185,17.74,0
3186,96.01,1
3187,12.71,2
3188,67.69,2
3189,67.65,4
3190,143.12,2
3191,23.86,5
3192,58.55,3
3193,205.47,2
3194,20.2,4
3195,9.7,4
3196,7.36,2
3197,58.57,0
3198,7.34,5
3199,24.59,2
3200,46.99,3
3201,38.4,0
3202,46.54,5
3203,39.56,3
3204,92.12,3
3205,15.46,1
3206,19.27,6
3207,17.85,2
3208,64.34,4
3209,68.06,3
3210,47.51,1
3211,85.35,3
3212,12.9,3
3213,125.69,1
3214,112.01,5
3215,59.65,2
3216,137.75,8
3217,8.8,5
3218,21.77,3
3219,18.39,2
3220,58.98,0
3221,14.29,2
3222,60.7,6
3223,99.13,4
3224,57.75,3
3225,41.55,4
3226,15.02,2
3227,16.82,2
3228,89.99,2
3229,61.77,3
3230,32.1,3
3231,23.7,5
3232,6.55,5
3233,14.06,2
3234,152.8,0
3235,11.89,1
3236,38.54,3
3237,74.14,2
3238,12.13,5
3239,38.39,2
3240,70.13,2
3241,33.45,5
3242,328.56,7
3243,8.72,4
3244,77.25,5
3245,28.84,3
3246,61.41,5
3247,47.14,2
3248,18.42,6
3249,39.77,2
3250,7.49,1
3251,53.66,1
3252,42.04,8
3253,55.2,5
3254,77.21,4
3255,44.44,1
3256,37.28,6
3257,16.37,1
3258,18.73,5
3259,85.57,2
3260,104.49,6
3261,27.37,3
3262,34.36,6
3263,16.06,3
3264,84.62,6
3265,56.39,5
3266,156.49,1
3267,16.4,3
3268,24.47,3
3269,39.85,2
3270,55.54,4
3271,27.87,2
3272,16.47,4
3273,67.03,4
3274,58.96,0
3275,15.91,4
3276,97.94,2
3277,84.45,3
3278,36.87,3
3279,35.29,2
3280,51.59,0
3281,16.62,1
3282,33.92,5
3283,5.92,4
3284,66.76,2
3285,9.5,1
3286,110.25,1
3287,25.43,3
3288,27.96,3
3289,20.04,3
3290,26.3,5
3291,103.01,4
3292,4.53,3
3293,91.98,0
3294,43.4,7
3295,12.61,3
3296,14.01,4
3297,126.61,4
3298,15.54,4
3299,13.16,1
3300,82.26,4
3301,43.42,3
3302,15.64,4
3303,39.38,2
3304,14.58,5
3305,79.89,3
3306,77.41,1
3307,50.68,4
3308,44.23,6
3309,135.5,1
3310,33.11,3
3311,12.86,2
3312,47.45,6
3313,175.71,1
3314,14.71,4
3315,24.8,2
3316,46.21,5
3317,31.72,2
3318,15.09,1
3319,81.25,2
3320,211.88,5
3321,38.74,2
3322,16.07,2
3323,9.59,3
3324,40.71,4
3325,80.09,2
3326,48.43,4
3327,33.05,4
3328,20.67,3
3329,13.82,7
3330,64.57,0
3331,68.79,4
3332,9.62,5
3333,118.14,3
3334,52.42,0
3335,101.46,5
3336,11.32,4
3337,11.1,1
3338,29.39,0
3339,49.51,3
3340,139.36,4
3341,58.26,4
3342,27.27,1
3343,14.57,2
3344,88.59,1
3345,15.31,1
3346,121.85,0
3347,26.38,4
3348,118.21,3
3349,57.01,1
3350,29.68,5
3351,21.86,5
3352,25.21,3
3353,46.65,7
3354,35.22,1
3355,20.59,3
3356,29.01,5
3357,35.26,2
3358,6.03,2
3359,47.78,2
3360,15.12,5
3361,13.16,2
3362,8.59,1
3363,7.88,3
3364,11.2,3
3365,18.78,1
3366,158.0,5
3367,21.74,2
3368,38.18,4
3369,45.62,5
3370,36.78,4
3371,31.13,5
3372,12.73,4
3373,105.71,4
3374,140.58,2
3375,8.62,6
3376,14.6,0
3377,26.47,1
3378,15.31,0
3379,49.64,2
3380,18.49,1
3381,187.18,2
3382,85.84,8
3383,39.25,5
3384,75.31,2
3385,80.22,1
3386,21.09,2
3387,17.24,5
3388,35.25,5
3389,65.98,2
3390,37.01,4
3391,9.38,1
3392,17.42,1
3393,31.21,1
3394,31.17,5
3395,160.46,2
3396,10.93,4
3397,49.62,4
3398,108.99,5
3399,203.8,4
3400,23.96,3
3401,49.06,3
3402,52.24,3
3403,38.72,5
3404,30.6,4
3405,46.94,3
3406,4.37,2
3407,57.15,4
3408,36.63,5
3409,27.72,1
3410,170.29,5
3411,19.3,5
3412,23.99,2
3413,162.92,2
3414,17.02,2
3415,21.33,2
3416,29.44,4
3417,64.88,3
3418,39.1,1
3419,11.77,5
3420,21.63,2
3421,20.37,3
3422,31.13,0
3423,46.56,1
3424,46.27,3
3425,8.0,2
3426,77.57,2
3427,40.53,3
3428,100.25,2
3429,47.25,3
3430,79.92,5
3431,48.1,3
3432,97.22,5
3433,50.29,4
3434,30.62,4
3435,203.96,4
3436,67.44,2
3437,52.4,2
3438,11.93,5
3439,11.81,5
3440,41.85,1
3441,37.2,3
3442,20.26,8
3443,37.07,3
3444,118.03,6
3445,57.76,1
3446,13.29,3
3447,30.29,2
3448,17.39,1
3449,24.28,2
3450,23.79,3
3451,22.6,4
3452,12.13,2
3453,29.9,2
3454,21.15,3
3455,3.18,5
3456,171.12,3
3457,79.12,3
3458,24.51,2
3459,33.62,1
3460,12.97,3
3461,128.58,4
3462,151.08,2
3463,37.54,1
3464,75.1,5
3465,38.1,2
3466,11.37,2
3467,23.82,5
3468,36.8,1
3469,23.02,3
3470,27.8,6
3471,30.78,4
3472,31.04,6
3473,34.53,0
3474,14.18,3
3475,18.66,5
3476,11.85,3
3477,72.4,4
3478,6.14,1
3479,83.34,7
3480,100.39,2
3481,26.0,4
3482,4.13,4
3483,24.8,1
3484,31.46,3
3485,14.75,3
3486,21.93,6
3487,112.64,4
3488,56.37,3
3489,15.81,3
3490,9.23,3
3491,25.49,3
3492,27.92,4
3493,49.25,3
3494,21.58,1
3495,49.86,4
3496,155.73,5
3497,63.59,5
3498,31.87,3
3499,28.6,3
3500,24.89,5
3501,85.16,3
3502,20.05,2
3503,34.34,3
3504,34.5,1
3505,22.17,4
3506,11.05,5
3507,42.88,3
3508,31.54,3
3509,49.41,1
3510,21.61,2
3511,87.94,2
3512,16.42,6
3513,130.27,5
3514,8.18,4
3515,46.89,6
3516,48.44,4
3517,17.52,1
3518,46.5,6
3519,92.17,2
3520,5.62,2
3521,49.51,3
3522,4.51,5
3523,15.29,3
3524,121.92,3
3525,20.79,1
3526,12.95,2
3527,28.27,3
3528,173.18,1
3529,7.65,1
3530,14.28,4
3531,109.72,2
3532,146.37,4
3533,30.49,4
3534,12.29,1
3535,177.09,3
3536,118.58,3
3537,57.01,1
3538,17.29,3
3539,31.84,2
3540,29.13,5
3541,43.15,5
3542,105.72,6
3543,66.92,3
3544,13.99,2
3545,99.6,1
3546,42.54,2
3547,57.38,1
3548,107.04,3
3549,13.61,4
3550,32.18,4
3551,21.65,1
3552,9.45,1
3553,43.7,5
3554,246.96,3
3555,7.6,0
3556,32.27,8
3557,55.28,2
3558,36.54,5
3559,30.25,3
3560,11.71,2
3561,39.89,7
3562,18.08,0
3563,5.74,3
3564,86.11,4
3565,71.29,4
3566,34.51,4
3567,39.78,8
3568,78.21,4
3569,39.63,2
3570,68.25,1
3571,26.1,2
3572,94.59,0
3573,42.8,4
3574,38.68,3
3575,11.99,1
3576,41.66,3
3577,17.02,6
3578,19.87,4
3579,17.25,1
3580,14.11,1
3581,181.24,3
3582,96.07,3
3583,153.9,7
3584,12.45,5
3585,35.06,7
3586,11.77,3
3587,18.98,2
3588,15.89,4
3589,89.27,2
3590,24.12,6
3591,77.84,3
3592,53.69,1
3593,209.12,2
3594,10.14,6
3595,90.68,4
3596,82.86,3
3597,15.2,4
3598,74.12,3
3599,43.33,4
3600,27.61,2
3601,17.13,7
3602,18.63,3
3603,170.69,4
3604,33.13,6
3605,61.91,4
3606,17.59,2
3607,17.75,6
3608,78.7,2
3609,11.25,3
3610,23.76,2
3611,34.03,4
3612,36.2,6
3613,28.7,2
3614,45.45,2
3615,57.64,6
3616,59.6,2
3617,15.05,1
3618,26.38,6
3619,86.13,4
3620,67.74,4
3621,11.04,2
3622,43.87,1
3623,6.8,4
3624,34.38,5
3625,151.14,5
3626,15.51,2
3627,16.99,2
3628,61.02,3
3629,9.64,7
3630,19.96,3
3631,53.36,5
3632,19.94,4
3633,27.42,2
3634,60.06,0
3635,46.4,4
3636,41.0,0
3637,25.25,1
3638,44.52,1
3639,29.99,6
3640,47.76,2
3641,22.25,7
3642,28.62,4
3643,15.0,6
3644,32.2,5
3645,17.31,1
3646,13.58,4
3647,40.73,3
3648,39.26,5
3649,61.95,1
3650,23.46,3
3651,45.9,5
3652,51.45,3
3653,47.27,0
3654,17.11,2
3655,37.32,2
3656,44.31,3
3657,33.31,4
3658,6.24,4
3659,37.65,3
3660,194.42,0
3661,24.83,2
3662,18.5,2
3663,44.64,9
3664,42.52,3
3665,85.99,5
3666,12.11,3
3667,59.45,4
3668,53.11,2
3669,29.56,0
3670,43.42,1
3671,75.46,0
3672,66.54,2
3673,13.27,5
3674,63.82,3
3675,31.45,3
3676,35.1,2
3677,35.11,1
3678,29.37,3
3679,85.92,2
3680,30.97,2
3681,13.52,3
3682,24.17,1
3683,38.2,0
3684,88.53,3
3685,53.65,3
3686,16.77,5
3687,241.81,2
3688,40.93,3
3689,91.86,3
3690,29.33,2
3691,50.74,6
3692,64.82,5
3693,87.76,3
3694,77.16,1
3695,66.54,3
3696,25.74,4
3697,20.96,2
3698,43.21,2
3699,69.86,3
3700,27.71,2
3701,77.64,1
3702,105.86,1
3703,15.91,3
3704,16.95,3
3705,29.6,3
3706,42.36,0
3707,21.77,4
3708,97.69,3
3709,46.49,5
3710,34.18,8
3711,10.5,3
3712,11.56,2
3713,41.46,5
3714,6.01,3
3715,74.45,0
3716,29.18,4
3717,443.4,1
3718,209.84,1
3719,28.64,2
3720,30.41,1
3721,73.44,3
3722,129.35,5
3723,8.93,4
3724,7.93,3
3725,20.13,3
3726,52.78,4
3727,49.28,3
3728,77.93,3
3729,12.68,2
3730,5.19,3
3731,65.79,4
3732,17.07,2
3733,6.59,8
3734,37.19,2
3735,62.46,1
3736,30.03,8
3737,22.96,2
3738,29.15,3
3739,24.62,1
3740,11.26,3
3741,18.69,6
3742,50.25,3
3743,42.83,2
3744,37.88,2
3745,14.94,2
3746,28.64,4
3747,5.8,3
3748,38.2,1
3749,103.86,5
3750,10.18,2
3751,20.72,3
3752,43.09,3
3753,90.22,5
3754,23.14,4
3755,19.03,6
3756,6.85,4
3757,35.97,1
3758,169.64,4
3759,41.34,2
3760,32.53,2
3761,42.85,5
3762,32.82,2
3763,17.28,2
3764,63.98,1
3765,39.67,4
3766,33.59,2
3767,15.18,4
3768,93.95,0
3769,56.36,3
3770,21.28,6
3771,73.81,3
3772,22.24,1
3773,17.71,4
3774,18.03,0
3775,8.03,2
3776,48.29,4
3777,7.65,1
3778,12.39,3
3779,6.29,5
3780,30.91,2
3781,29.36,1
3782,25.5,5
3783,14.38,1
3784,12.96,2
3785,48.01,2
3786,21.32,2
3787,42.65,2
3788,16.31,1
3789,38.28,2
3790,93.94,3
3791,52.93,3
3792,23.81,0
3793,40.68,5
3794,27.32,7
3795,33.32,3
3796,25.52,1
3797,29.04,3
3798,39.24,1
3799,14.96,3
3800,14.69,3
3801,10.9,1
3802,9.21,5
3803,12.51,4
3804,37.62,0
3805,16.21,3
3806,49.94,1
3807,34.05,11
3808,6.86,0
3809,55.92,4
3810,63.35,3
3811,14.95,3
3812,46.35,0
3813,16.69,1
3814,35.81,4
3815,12.04,7
3816,7.89,1
3817,24.38,0
3818,29.99,2
3819,24.09,4
3820,12.84,2
3821,24.05,3
3822,41.08,3
3823,31.95,1
3824,38.32,3
3825,19.37,2
3826,84.55,4
3827,12.92,4
3828,48.91,2
3829,85.24,1
3830,48.65,3
3831,28.16,2
3832,21.7,5
3833,75.86,3
3834,10.61,3
3835,15.24,7
3836,24.09,4
3837,89.13,2
3838,44.87,4
3839,15.27,3
3840,25.84,3
3841,20.26,6
3842,18.77,2
3843,72.47,0
3844,11.05,3
3845,119.94,3
3846,64.24,1
3847,79.26,3
3848,22.87,0
3849,29.37,2
3850,10.52,4
3851,21.76,6
3852,49.15,3
3853,93.4,3
3854,13.66,0
3855,24.72,7
3856,29.34,3
3857,10.84,4
3858,53.15,5
3859,18.56,2
3860,28.32,0
3861,23.07,1
3862,17.61,1
3863,32.93,2
3864,27.87,2
3865,24.59,3
3866,18.49,2
3867,42.76,3
3868,124.32,3
3869,37.04,6
3870,73.47,4
3871,10.89,4
3872,37.57,1
3873,13.76,0
3874,10.16,4
3875,18.33,2
3876,85.93,7
3877,70.81,3
3878,40.22,1
3879,9.72,1
3880,28.3,4
3881,42.16,3
3882,38.11,4
3883,7.58,3
3884,16.24,2
3885,31.46,0
3886,50.86,1
3887,5.72,3
3888,29.09,3
3889,37.13,3
3890,65.35,1
3891,57.64,6
3892,52.78,2
3893,17.46,2
3894,7.2,5
3895,24.18,4
3896,73.8,4
3897,100.96,2
3898,58.47,8
3899,46.69,5
3900,44.87,5
3901,21.22,7
3902,29.84,2
3903,125.87,2
3904,15.58,3
3905,120.52,6
3906,25.59,2
3907,95.62,6
3908,10.75,6
3909,52.92,4
3910,18.37,5
3911,10.67,4
3912,39.44,2
3913,74.26,2
3914,16.84,6
3915,9.98,5
3916,30.77,2
3917,30.88,2
3918,51.35,4
3919,70.79,3
3920,31.58,3
3921,146.12,6
3922,39.62,3
3923,25.1,4
3924,9.12,4
3925,26.84,4
3926,25.3,4
3927,71.4,5
3928,47.94,0
3929,12.89,3
3930,38.01,1
3931,56.67,3
3932,112.44,10
3933,67.36,3
3934,60.87,3
3935,34.75,2
3936,45.18,2
3937,89.98,1
3938,11.4,4
3939,25.04,4
3940,17.85,5
3941,44.85,6
3942,88.6,2
3943,20.54,2
3944,4.89,2
3945,23.81,2
3946,68.77,1
3947,50.91,2
3948,46.64,4
3949,26.47,4
3950,11.9,3
3951,50.01,2
3952,16.99,2
3953,190.05,2
3954,52.27,1
3955,20.81,2
3956,20.31,3
3957,30.74,2
3958,27.34,3
3959,80.92,5
3960,38.44,5
3961,18.44,1
3962,150.26,3
3963,34.45,6
3964,61.26,3
3965,20.36,3
3966,44.28,1
3967,42.47,2
3968,7.3,0
3969,166.04,2
3970,92.99,4
3971,24.1,5
3972,13.71,6
3973,43.73,6
3974,35.49,6
3975,44.02,3
3976,38.6,3
3977,49.65,5
3978,105.41,2
3979,52.17,4
3980,14.3,4
3981,98.5,4
3982,123.04,5
3983,412.26,4
3984,13.48,6
3985,40.22,3
3986,6.26,0
3987,51.55,2
3988,21.36,5
3989,154.28,1
3990,17.82,2
3991,8.57,7
3992,22.71,2
3993,6.82,5
3994,60.39,4
3995,6.35,2
3996,33.88,2
3997,6.28,1
3998,25.63,0
3999,123.31,2
4000,44.19,3
4001,16.6,3
4002,32.3,2
4003,33.6,3
4004,48.33,2
4005,11.1,5
4006,53.2,2
4007,3.81,3
4008,20.01,1
4009,22.41,4
4010,54.96,0
4011,33.72,1
4012,10.76,6
4013,15.06,3
4014,38.82,4
4015,31.09,5
4016,20.84,8
4017,22.54,7
4018,57.8,3
4019,21.89,3
4020,30.86,1
4021,187.91,7
4022,10.6,8
4023,7.53,1
4024,61.98,5
4025,19.24,3
4026,25.67,5
4027,17.73,2
4028,26.9,3
4029,118.97,4
4030,62.91,6
4031,66.01,1
4032,10.67,7
4033,13.18,3
4034,3.42,4
4035,17.33,6
4036,71.19,2
4037,50.08,0
4038,27.74,1
4039,32.53,4
4040,19.08,3
4041,39.01,3
4042,61.11,4
4043,9.09,5
4044,42.09,1
4045,69.82,7
4046,23.76,6
4047,58.01,2
4048,314.73,3
4049,30.46,4
4050,45.36,1
4051,18.35,4
4052,38.28,7
4053,47.86,1
4054,38.7,3
4055,14.65,1
4056,39.06,4
4057,106.67,4
4058,47.41,2
4059,71.49,6
4060,27.4,3
4061,60.34,4
4062,41.41,2
4063,15.48,5
4064,42.73,3
4065,14.98,4
4066,19.96,3
4067,38.53,3
4068,42.01,6
4069,12.79,1
4070,76.95,4
4071,52.33,1
4072,18.84,1
4073,9.68,4
4074,29.49,3
4075,23.18,1
4076,36.25,2
4077,24.77,2
4078,6.65,2
4079,24.27,3
4080,25.93,4
4081,54.98,7
4082,18.94,2
4083,126.84,7
4084,7.18,0
4085,94.53,3
4086,27.68,6
4087,65.87,2
4088,35.3,1
4089,82.4,2
4090,24.29,6
4091,13.75,3
4092,103.17,2
4093,30.24,6
4094,39.54,3
4095,88.93,1
4096,14.5,3
4097,53.32,4
4098,20.66,5
4099,29.79,5
4100,35.09,1
4101,9.97,2
4102,17.76,7
4103,97.6,3
4104,67.29,3
4105,31.5,2
4106,40.23,2
4107,26.17,2
4108,98.03,4
4109,28.21,6
4110,39.86,10
4111,82.83,3
4112,17.78,3
4113,115.24,2
4114,9.73,2
4115,121.96,6
4116,24.58,1
4117,27.27,4
4118,7.3,6
4119,23.02,2
4120,14.41,3
4121,20.37,1
4122,29.67,5
4123,71.25,1
4124,39.1,3
4125,42.36,3
4126,13.79,4
4127,16.37,2
4128,139.63,2
4129,18.39,4
4130,124.58,0
4131,27.26,3
4132,33.18,3
4133,77.97,7
4134,91.61,3
4135,30.31,2
4136,24.27,2
4137,31.67,1
4138,43.4,1
4139,67.56,3
4140,33.23,2
4141,54.33,3
4142,122.82,6
4143,44.93,2
4144,42.49,3
4145,9.82,2
4146,4.04,3
4147,45.18,1
4148,30.7,1
4149,21.94,1
4150,40.24,1
4151,31.55,3
4152,81.63,6
4153,35.48,5
4154,18.22,3
4155,73.12,3
4156,27.84,4
4157,50.46,2
4158,22.6,3
4159,19.69,5
4160,35.42,6
4161,33.46,1
4162,48.61,4
4163,26.71,3
4164,7.62,4
4165,23.42,2
4166,62.49,5
4167,26.1,1
4168,27.19,4
4169,72.9,5
4170,18.74,1
4171,9.64,1
4172,29.12,4
4173,22.48,1
4174,15.29,4
4175,28.78,3
4176,49.07,4
4177,32.87,5
4178,42.33,4
4179,141.28,3
4180,25.17,5
4181,41.38,6
4182,22.03,4
4183,16.83,2
4184,20.74,1
4185,22.58,1
4186,44.15,1
4187,216.86,2
4188,18.67,2
4189,23.73,3
4190,31.48,5
4191,45.45,4
4192,40.89,2
4193,92.51,4
4194,4.75,3
4195,4.91,1
4196,22.27,2
4197,79.67,1
4198,9.46,3
4199,2.99,4
4200,52.3,7
4201,40.24,4
4202,13.84,2
4203,15.05,2
4204,15.24,3
4205,36.18,3
4206,20.06,1
4207,49.17,3
4208,3.37,3
4209,16.69,3
4210,13.45,3
4211,26.98,3
4212,21.53,5
4213,62.69,3
4214,7.48,2
4215,34.34,4
4216,51.76,3
4217,146.25,1
4218,22.52,1
4219,42.93,4
4220,7.82,3
4221,4.89,2
4222,65.09,5
4223,32.97,7
4224,85.01,1
4225,11.04,4
4226,50.2,2
4227,147.68,3
4228,46.33,2
4229,41.32,0
4230,33.34,3
4231,9.42,4
4232,97.95,0
4233,20.31,0
4234,49.58,1
4235,9.48,3
4236,12.89,1
4237,104.38,2
4238,25.08,5
4239,105.91,3
4240,31.11,5
4241,7.59,3
4242,67.6,5
4243,20.66,4
4244,57.91,7
4245,33.79,2
4246,9.64,4
4247,37.77,2
4248,191.9,3
4249,49.13,2
4250,31.63,1
4251,78.28,8
4252,39.19,2
4253,39.16,1
4254,13.83,5
4255,39.93,3
4256,75.82,1
4257,16.96,1
4258,103.5,3
4259,30.77,5
4260,16.28,1
4261,73.56,1
4262,26.33,4
4263,60.8,5
4264,26.22,5
4265,31.57,6
4266,49.15,4
4267,41.79,0
4268,6.71,2
4269,13.5,3
4270,69.65,5
4271,29.79,1
4272,21.78,4
4273,11.17,3
4274,13.96,3
4275,6.57,7
4276,30.54,5
4277,20.52,1
4278,15.28,3
4279,31.36,5
4280,44.31,5
4281,176.72,6
4282,9.88,2
4283,83.72,4
4284,72.13,6
4285,17.76,1
4286,38.96,1
4287,22.96,1
4288,38.42,3
4289,110.75,4
4290,53.76,2
4291,49.74,2
4292,23.47,3
4293,10.1,5
4294,28.03,5
4295,86.95,2
4296,9.76,5
4297,14.24,1
4298,36.64,1
4299,15.06,4
4300,17.57,3
4301,23.6,4
4302,11.11,4
4303,15.19,5
4304,58.13,0
4305,11.64,6
4306,9.22,3
4307,20.0,4
4308,59.48,1
4309,28.29,1
4310,22.84,3
4311,34.31,6
4312,8.19,6
4313,49.19,2
4314,45.0,7
4315,23.87,1
4316,74.05,2
4317,13.44,4
4318,81.64,3
4319,37.47,7
4320,25.3,2
4321,32.59,1
4322,30.39,1
4323,87.9,6
4324,13.99,1
4325,17.99,1
4326,75.87,1
4327,20.56,3
4328,68.06,4
4329,128.97,2
4330,24.01,3
4331,57.12,4
4332,13.16,3
4333,60.57,3
4334,38.84,2
4335,48.35,3
4336,19.76,4
4337,8.77,3
4338,49.53,3
4339,6.36,2
4340,25.69,4
4341,70.31,4
4342,38.61,2
4343,157.38,6
4344,75.2,1
4345,19.63,3
4346,33.85,3
4347,31.88,4
4348,9.34,4
4349,15.61,6
4350,21.14,1
4351,6.49,4
4352,34.4,2
4353,27.13,4
4354,8.69,5
4355,45.76,4
4356,58.72,2
4357,39.71,5
4358,25.55,2
4359,53.15,5
4360,57.06,1
4361,42.35,2
4362,17.12,4
4363,41.32,2
4364,86.18,3
4365,20.55,1
4366,177.39,4
4367,21.75,1
4368,33.99,2
4369,19.34,0
4370,39.59,1
4371,8.22,3
4372,21.4,4
4373,13.82,0
4374,36.9,8
4375,73.37,3
4376,55.52,3
4377,4.97,3
4378,169.64,1
4379,41.94,4
4380,17.79,3
4381,37.55,3
4382,38.13,3
4383,19.42,3
4384,38.8,2
4385,20.37,2
4386,23.96,3
4387,19.12,3
4388,10.53,5
4389,37.21,1
4390,52.89,1
4391,49.99,3
4392,63.81,2
4393,42.93,4
4394,21.62,3
4395,64.83,3
4396,11.18,1
4397,16.11,2
4398,15.31,5
4399,78.57,2
4400,70.4,3
4401,48.9,2
4402,78.07,3
4403,16.39,1
4404,43.77,4
4405,29.96,2
4406,65.2,3
4407,30.2,1
4408,24.34,1
4409,51.05,1
4410,66.75,3
4411,19.4,0
4412,31.54,2
4413,14.2,2
4414,4.49,3
4415,38.88,5
4416,53.9,3
4417,40.84,5
4418,6.96,5
4419,25.01,1
4420,5.61,5
4421,99.06,3
4422,13.89,0
4423,90.41,4
4424,70.58,2
4425,16.11,6
4426,13.38,1
4427,43.83,2
4428,16.85,1
4429,35.94,2
4430,22.51,4
4431,7.97,5
4432,5.56,1
4433,39.7,6
4434,21.13,7
4435,21.27,2
4436,57.78,2
4437,84.67,6
4438,26.63,4
4439,25.22,5
4440,49.41,2
4441,11.18,1
4442,39.59,5
4443,51.5,6
4444,57.06,3
4445,7.03,2
4446,18.01,2
4447,16.4,4
4448,35.87,5
4449,48.65,4
4450,109.66,7
4451,22.29,2
4452,22.24,3
4453,83.07,4
4454,41.98,2
4455,91.3,2
4456,41.72,3
4457,13.12,1
4458,11.4,2
4459,9.57,3
4460,56.24,3
4461,85.7,4
4462,145.4,6
4463,65.01,2
4464,83.95,5
4465,20.82,2
4466,13.13,2
4467,65.37,3
4468,46.25,4
4469,36.09,3
4470,45.15,4
4471,42.89,4
4472,92.49,5
4473,93.32,3
4474,51.18,2
4475,65.15,5
4476,49.96,4
4477,22.9,1
4478,60.66,0
4479,10.85,3
4480,76.95,5
4481,12.74,4
4482,41.62,9
4483,16.84,1
4484,51.56,2
4485,32.23,3
4486,9.25,7
4487,46.37,4
4488,20.86,6
4489,67.02,3
4490,33.15,4
4491,45.44,2
4492,15.39,1
4493,20.67,1
4494,22.94,2
4495,65.72,1
4496,126.71,3
4497,17.39,1
4498,78.37,2
4499,5.84,2
4500,12.74,2
4501,15.38,5
4502,11.22,2
4503,9.33,5
4504,46.08,5
4505,27.9,3
4506,44.86,4
4507,57.53,2
4508,40.96,0
4509,56.05,1
4510,31.32,5
4511,12.81,5
4512,77.19,5
4513,20.67,2
4514,15.67,10
4515,28.72,0
4516,15.95,4
4517,23.71,1
4518,43.61,3
4519,43.76,3
4520,16.15,4
4521,22.42,1
4522,78.22,0
4523,49.26,4
4524,174.17,3
4525,85.12,5
4526,82.72,4
4527,10.91,2
4528,61.01,4
4529,31.74,0
4530,21.31,1
4531,37.88,4
4532,70.54,0
4533,49.44,6
4534,16.4,4
4535,59.98,6
4536,19.88,4
4537,39.38,4
4538,25.98,0
4539,27.8,2
4540,61.13,3
4541,14.41,1
4542,156.99,2
4543,7.71,3
4544,20.53,2
4545,44.53,3
4546,52.85,1
4547,30.56,4
4548,31.63,2
4549,45.99,1
4550,27.53,4
4551,100.94,1
4552,64.81,6
4553,66.57,3
4554,15.29,3
4555,31.08,5
4556,26.04,3
4557,14.81,5
4558,44.17,2
4559,21.54,3
4560,55.94,6
4561,14.07,6
4562,131.0,3
4563,16.17,3
4564,39.47,3
4565,62.4,1
4566,20.98,5
4567,65.5,3
4568,12.39,4
4569,105.82,1
4570,33.49,3
4571,20.55,5
4572,26.07,3
4573,63.25,1
4574,20.75,3
4575,18.18,3
4576,27.74,4
4577,12.92,2
4578,142.09,6
4579,21.05,2
4580,64.41,4
4581,39.16,2
4582,15.06,7
4583,32.96,7
4584,62.0,2
4585,28.49,5
4586,86.01,3
4587,74.98,3
4588,69.07,1
4589,22.93,2
4590,13.96,4
4591,20.27,5
4592,38.74,2
4593,51.25,2
4594,5.83,0
4595,32.9,5
4596,37.58,2
4597,26.52,2
4598,93.04,4
4599,46.41,6
4600,94.46,1
4601,27.86,2
4602,70.1,1
4603,122.49,2
4604,94.57,2
4605,13.82,1
4606,27.03,4
4607,25.13,2
4608,48.98,2
4609,57.34,0
4610,16.93,2
4611,34.96,4
4612,6.58,3
4613,104.96,1
4614,21.98,7
4615,34.63,2
4616,25.85,3
4617,82.83,3
4618,3.42,5
4619,32.68,1
4620,30.43,3
4621,23.04,1
4622,131.76,3
4623,16.28,3
4624,61.4,5
4625,44.04,5
4626,90.85,2
4627,19.42,1
4628,18.42,2
4629,79.59,1
4630,46.54,4
4631,9.62,5
4632,21.51,5
4633,45.11,0
4634,64.73,5
4635,19.23,1
4636,3.22,2
4637,50.33,2
4638,12.48,0
4639,6.59,3
4640,3.44,1
4641,63.51,4
4642,36.7,3
4643,27.65,3
4644,100.61,5
4645,55.14,3
4646,120.67,4
4647,10.87,1
4648,32.21,1
4649,9.09,4
4650,27.56,2
4651,27.14,3
4652,54.67,1
4653,34.34,3
4654,54.53,4
4655,58.13,2
4656,185.66,4
4657,25.73,9
4658,15.6,4
4659,40.32,2
4660,17.43,5
4661,108.37,0
4662,26.4,2
4663,21.06,2
4664,22.71,4
4665,58.83,1
4666,29.19,3
4667,19.82,7
4668,125.5,1
4669,16.69,3
4670,34.07,3
4671,55.8,3
4672,8.98,1
4673,48.63,1
4674,14.24,2
4675,63.96,7
4676,15.33,5
4677,57.64,5
4678,80.21,2
4679,65.97,8
4680,40.49,5
4681,27.52,4
4682,20.88,3
4683,107.43,5
4684,18.92,2
4685,14.44,4
4686,56.39,0
4687,17.52,2
4688,15.49,3
4689,10.43,7
4690,22.5,5
4691,31.0,5
4692,40.22,3
4693,70.88,1
4694,50.48,2
4695,28.43,2
4696,28.26,5
4697,49.81,1
4698,91.66,3
4699,36.64,2
4700,22.75,2
4701,14.96,3
4702,10.42,5
4703,56.43,3
4704,52.58,1
4705,52.56,3
4706,29.88,1
4707,102.06,3
4708,22.48,2
4709,71.11,5
4710,32.1,4
4711,20.35,5
4712,53.2,1
4713,45.96,1
4714,44.06,1
4715,35.34,2
4716,32.13,2
4717,223.79,1
4718,85.41,1
4719,59.04,4
4720,36.21,6
4721,74.12,3
4722,50.12,1
4723,33.82,6
4724,25.98,2
4725,31.04,3
4726,2.62,7
4727,39.19,3
4728,22.4,5
4729,118.41,4
4730,33.63,4
4731,12.79,4
4732,31.82,6
4733,14.34,3
4734,48.36,3
4735,41.79,4
4736,71.26,7
4737,17.59,2
4738,34.03,1
4739,11.11,2
4740,58.04,3
4741,50.15,2
4742,49.24,3
4743,33.16,4
4744,46.15,0
4745,119.52,5
4746,26.36,0
4747,37.0,5
4748,13.89,4
4749,16.53,4
4750,35.81,4
4751,80.09,2
4752,26.98,1
4753,27.42,2
4754,23.91,5
4755,21.59,2
4756,41.93,1
4757,10.0,5
4758,92.27,3
4759,19.45,1
4760,59.0,0
4761,11.99,5
4762,56.55,3
4763,56.69,3
4764,45.03,2
4765,14.95,2
4766,40.43,3
4767,12.85,2
4768,27.05,5
4769,75.45,3
4770,62.64,4
4771,33.52,3
4772,15.18,5
4773,55.5,1
4774,33.63,3
4775,5.17,4
4776,61.94,2
4777,32.48,1
4778,86.66,1
4779,13.79,3
4780,2.61,3
4781,41.4,1
4782,41.81,6
4783,8.56,2
4784,15.14,1
4785,300.12,6
4786,25.93,3
4787,59.43,1
4788,19.68,2
4789,6.22,2
4790,28.9,4
4791,26.78,3
4792,24.05,3
4793,30.21,5
4794,40.91,1
4795,29.37,3
4796,12.05,5
4797,48.86,3
4798,6.96,3
4799,6.42,2
4800,59.82,4
4801,49.68,4
4802,31.63,4
4803,10.84,0
4804,18.8,4
4805,26.84,2
4806,9.24,2
4807,18.33,5
4808,55.81,3
4809,103.74,2
4810,23.68,5
4811,60.65,2
4812,7.16,1
4813,56.12,3
4814,17.41,3
4815,42.35,1
4816,27.16,3
4817,95.23,1
4818,16.45,4
4819,54.71,3
4820,26.48,4
4821,29.18,3
4822,28.59,6
4823,16.84,1
4824,32.74,3
4825,31.5,5
4826,40.16,2
4827,35.43,3
4828,62.7,2
4829,69.33,5
4830,14.29,0
4831,66.35,1
4832,12.82,3
4833,53.0,3
4834,54.37,4
4835,7.18,4
4836,35.67,4
4837,22.76,5
4838,18.05,3
4839,97.58,4
4840,19.63,0
4841,17.37,4
4842,35.18,4
4843,57.31,1
4844,29.57,5
4845,84.19,2
4846,50.64,2
4847,5.8,3
4848,21.68,4
4849,21.13,4
4850,48.59,2
4851,4.06,1
4852,254.48,5
4853,50.64,4
4854,37.3,5
4855,85.22,3
4856,215.92,3
4857,66.46,2
4858,70.74,3
4859,36.77,1
4860,29.57,2
4861,22.63,4
4862,17.1,2
4863,19.11,5
4864,11.24,4
4865,31.17,2
4866,8.6,4
4867,38.58,1
4868,32.17,4
4869,37.25,2
4870,21.81,7
4871,388.19,3
4872,98.31,2
4873,12.24,6
4874,39.9,1
4875,20.36,2
4876,14.71,4
4877,11.34,7
4878,46.79,5
4879,19.2,2
4880,71.83,4
4881,73.33,5
4882,99.4,2
4883,16.74,2
4884,48.44,1
4885,54.92,1
4886,22.66,3
4887,17.86,4
4888,120.01,2
4889,39.73,1
4890,55.08,1
4891,17.16,5
4892,12.49,1
4893,21.0,2
4894,29.99,2
4895,14.13,1
4896,32.86,4
4897,8.58,2
4898,13.52,2
4899,56.64,2
4900,53.68,4
4901,24.2,8
4902,14.67,2
4903,14.56,3
4904,24.57,3
4905,55.46,0
4906,69.59,3
4907,22.26,3
4908,13.16,7
4909,41.03,3
4910,17.14,2
4911,21.88,0
4912,95.6,5
4913,64.18,2
4914,37.58,2
4915,11.97,3
4916,39.22,2
4917,77.49,1
4918,24.52,5
4919,97.6,2
4920,93.15,2
4921,125.33,4
4922,42.27,1
4923,52.98,1
4924,102.65,3
4925,47.37,1
4926,22.18,2
4927,23.13,5
4928,40.08,3
4929,11.79,2
4930,29.53,1
4931,79.62,4
4932,5.74,5
4933,113.02,3
4934,81.28,6
4935,22.92,5
4936,51.15,4
4937,33.2,4
4938,88.59,2
4939,72.69,3
4940,10.8,6
4941,52.97,3
4942,28.09,1
4943,35.38,5
4944,18.49,3
4945,134.09,1
4946,76.1,2
4947,18.32,2
4948,11.39,1
4949,24.32,4
4950,46.88,3
4951,40.13,5
4952,90.24,2
4953,62.3,2
4954,71.93,1
4955,43.01,5
4956,10.9,4
4957,28.32,3
4958,77.33,5
4959,31.78,2
4960,49.52,4
4961,25.66,1
4962,14.53,0
4963,30.0,3
4964,42.4,3
4965,19.6,6
4966,27.42,2
4967,15.62,4
4968,81.08,2
4969,26.17,1
4970,105.87,5
4971,112.51,4
4972,31.04,1
4973,14.78,2
4974,6.24,5
4975,10.2,1
4976,11.03,3
4977,99.76,5
4978,36.33,2
4979,45.23,2
4980,5.61,3
4981,12.7,2
4982,67.33,3
4983,41.65,2
4984,29.44,4
4985,52.03,3
4986,122.56,4
4987,27.75,5
4988,35.01,3
4989,38.63,1
4990,224.46,1
4991,6.18,2
4992,57.2,3
4993,30.21,5
4994,52.11,2
4995,19.57,1
4996,31.84,7
4997,58.51,5
4998,399.55,2
4999,63.21,2
5000,16.8,2
