TERMINAL_ID,TERMINAL_TYPE
1,POS
2,ONLINE
3,POS
4,POS
5,ATM
6,ATM
7,ATM
8,ONLINE
9,POS
10,POS
11,ATM
12,ONLINE
13,ONLINE
14,POS
15,ATM
16,ATM
17,POS
18,POS
19,POS
20,POS
21,POS
22,ATM
23,POS
24,POS
25,POS
26,POS
27,ATM
28,POS
29,POS
30,ATM
31,POS
32,ATM
33,ATM
34,ONLINE
35,ONLINE
36,ONLINE
37,POS
38,ATM
39,POS
40,POS
41,ATM
42,POS
43,ATM
44,ONLINE
45,POS
46,POS
47,POS
48,POS
49,POS
50,ATM
51,ONLINE
52,POS
53,ONLINE
54,ONLINE
55,POS
56,ONLINE
57,ATM
58,ATM
59,ATM
60,POS
61,POS
62,POS
63,ONLINE
64,POS
65,POS
66,POS
67,ATM
68,ONLINE
69,ATM
70,ONLINE
71,POS
72,ATM
73,ATM
74,ONLINE
75,POS
76,POS
77,POS
78,ATM
79,POS
80,ATM
81,ONLINE
82,POS
83,POS
84,ATM
85,POS
86,POS
87,POS
88,POS
89,ONLINE
90,POS
91,ATM
92,POS
93,POS
94,POS
95,POS
96,POS
97,POS
98,POS
99,ATM
100,ATM
101,ATM
102,POS
103,POS
104,POS
105,ONLINE
106,POS
107,POS
108,POS
109,POS
110,ATM
111,POS
112,ATM
113,ONLINE
114,ONLINE
115,POS
116,ONLINE
117,ONLINE
118,ATM
119,ONLINE
120,POS
121,ONLINE
122,ONLINE
123,POS
124,ATM
125,POS
126,POS
127,ONLINE
128,ONLINE
129,ATM
130,POS
131,POS
132,POS
133,ATM
134,POS
135,ONLINE
136,POS
137,POS
138,POS
139,POS
140,ONLINE
141,ONLINE
142,POS
143,POS
144,POS
145,POS
146,ATM
147,POS
148,POS
149,ATM
150,POS
151,ONLINE
152,POS
153,ATM
154,POS
155,ONLINE
156,POS
157,POS
158,POS
159,POS
160,POS
161,POS
162,POS
163,POS
164,POS
165,ATM
166,ONLINE
167,POS
168,ATM
169,ATM
170,POS
171,POS
172,ATM
173,POS
174,POS
175,POS
176,ATM
177,POS
178,POS
179,ONLINE
180,ATM
181,POS
182,ATM
183,ONLINE
184,ONLINE
185,POS
186,POS
187,ONLINE
188,POS
189,POS
190,POS
191,ATM
192,ONLINE
193,ONLINE
194,POS
195,POS
196,POS
197,POS
198,ONLINE
199,ONLINE
200,POS
201,POS
202,ATM
203,ATM
204,ONLINE
205,POS
206,ATM
207,ATM
208,POS
209,ATM
210,ATM
211,POS
212,POS
213,POS
214,POS
215,POS
216,POS
217,POS
218,POS
219,POS
220,ONLINE
221,POS
222,POS
223,ATM
224,POS
225,POS
226,POS
227,ONLINE
228,POS
229,ONLINE
230,POS
231,POS
232,POS
233,POS
234,POS
235,ATM
236,POS
237,POS
238,ATM
239,POS
240,ATM
241,ONLINE
242,ONLINE
243,ONLINE
244,POS
245,ATM
246,ONLINE
247,POS
248,ONLINE
249,ONLINE
250,ONLINE
251,POS
252,POS
253,ONLINE
254,POS
255,ATM
256,POS
257,ONLINE
258,POS
259,POS
260,ATM
261,POS
262,ONLINE
263,ATM
264,POS
265,ONLINE
266,POS
267,POS
268,POS
269,POS
270,POS
271,ONLINE
272,ONLINE
273,ONLINE
274,ONLINE
275,POS
276,POS
277,POS
278,POS
279,POS
280,POS
281,ONLINE
282,POS
283,POS
284,ATM
285,POS
286,ATM
287,POS
288,POS
289,POS
290,POS
291,ATM
292,ATM
293,ONLINE
294,POS
295,ATM
296,POS
297,POS
298,POS
299,POS
300,ATM
301,ATM
302,POS
303,POS
304,POS
305,POS
306,ONLINE
307,POS
308,POS
309,POS
310,POS
311,POS
312,ATM
313,ATM
314,ONLINE
315,ONLINE
316,POS
317,POS
318,ATM
319,ATM
320,POS
321,POS
322,POS
323,POS
324,POS
325,ONLINE
326,POS
327,POS
328,POS
329,POS
330,POS
331,POS
332,POS
333,ATM
334,ATM
335,ATM
336,ATM
337,ONLINE
338,POS
339,POS
340,ATM
341,POS
342,POS
343,ATM
344,POS
345,POS
346,POS
347,POS
348,ATM
349,POS
350,POS
351,POS
352,ONLINE
353,POS
354,ATM
355,ATM
356,POS
357,ATM
358,POS
359,ONLINE
360,POS
361,POS
362,POS
363,POS
364,POS
365,ONLINE
366,POS
367,ONLINE
368,ONLINE
369,ATM
370,ATM
371,ATM
372,ATM
373,ATM
374,POS
375,ATM
376,POS
377,ONLINE
378,ATM
379,ONLINE
380,POS
381,ATM
382,POS
383,POS
384,ONLINE
385,POS
386,ONLINE
387,POS
388,ATM
389,POS
390,ONLINE
391,ONLINE
392,POS
393,POS
394,POS
395,POS
396,ONLINE
397,ONLINE
398,POS
399,POS
400,POS
401,ATM
402,ONLINE
403,POS
404,ONLINE
405,POS
406,ONLINE
407,POS
408,ATM
409,ONLINE
410,ATM
411,POS
412,ONLINE
413,ONLINE
414,POS
415,POS
416,POS
417,POS
418,POS
419,POS
420,POS
421,POS
422,POS
423,ATM
424,POS
425,ATM
426,POS
427,POS
428,ONLINE
429,POS
430,ATM
431,ATM
432,POS
433,POS
434,ATM
435,ATM
436,POS
437,ATM
438,ONLINE
439,POS
440,ATM
441,ATM
442,ONLINE
443,POS
444,POS
445,ONLINE
446,ONLINE
447,ONLINE
448,POS
449,POS
450,ATM
451,POS
452,POS
453,POS
454,ONLINE
455,ATM
456,POS
457,ATM
458,POS
459,ATM
460,ATM
461,ATM
462,POS
463,POS
464,POS
465,ONLINE
466,POS
467,POS
468,ONLINE
469,POS
470,ONLINE
471,ATM
472,ONLINE
473,ATM
474,ONLINE
475,POS
476,ONLINE
477,ATM
478,POS
479,ONLINE
480,POS
481,POS
482,POS
483,POS
484,POS
485,POS
486,ONLINE
487,ATM
488,POS
489,ONLINE
490,ONLINE
491,POS
492,POS
493,POS
494,ATM
495,POS
496,POS
497,POS
498,ATM
499,ONLINE
500,ONLINE
